0,1,2
20150976,신과함께-죄와 벌,"[{'genreNm': '판타지'}, {'genreNm': '드라마'}]"
20170590,1987,[{'genreNm': '드라마'}]
20171909,쥬만지: 새로운 세계,"[{'genreNm': '액션'}, {'genreNm': '어드벤처'}]"
20177104,페르디난드,"[{'genreNm': '애니메이션'}, {'genreNm': '어드벤처'}, {'genreNm': '코미디'}]"
20170402,강철비,"[{'genreNm': '액션'}, {'genreNm': '드라마'}]"
20179462,위대한 쇼맨,"[{'genreNm': '드라마'}, {'genreNm': '뮤지컬'}]"
20174965,극장판 포켓몬스터 너로 정했다!,"[{'genreNm': '애니메이션'}, {'genreNm': '어드벤처'}, {'genreNm': '가족'}]"
20176947,원더,[{'genreNm': '드라마'}]
20176082,몬스터 패밀리,[{'genreNm': '애니메이션'}]
20174846,뽀로로 극장판 공룡섬 대모험,[{'genreNm': '애니메이션'}]
20170590,1987,[{'genreNm': '드라마'}]
20150976,신과함께-죄와 벌,"[{'genreNm': '판타지'}, {'genreNm': '드라마'}]"
20179985,코코,[{'genreNm': '애니메이션'}]
20171909,쥬만지: 새로운 세계,"[{'genreNm': '액션'}, {'genreNm': '어드벤처'}]"
20177104,페르디난드,"[{'genreNm': '애니메이션'}, {'genreNm': '어드벤처'}, {'genreNm': '코미디'}]"
20179462,위대한 쇼맨,"[{'genreNm': '드라마'}, {'genreNm': '뮤지컬'}]"
20173547,다운사이징,"[{'genreNm': '드라마'}, {'genreNm': '코미디'}]"
20170402,강철비,"[{'genreNm': '액션'}, {'genreNm': '드라마'}]"
20176947,원더,[{'genreNm': '드라마'}]
20177602,"쏘아올린 불꽃, 밑에서 볼까? 옆에서 볼까?","[{'genreNm': '애니메이션'}, {'genreNm': '멜로/로맨스'}]"
20175054,메이즈 러너: 데스 큐어,"[{'genreNm': '액션'}, {'genreNm': 'SF'}, {'genreNm': '스릴러'}]"
20179985,코코,[{'genreNm': '애니메이션'}]
20176104,그것만이 내 세상,"[{'genreNm': '코미디'}, {'genreNm': '드라마'}]"
20170590,1987,[{'genreNm': '드라마'}]
20150976,신과함께-죄와 벌,"[{'genreNm': '판타지'}, {'genreNm': '드라마'}]"
20171909,쥬만지: 새로운 세계,"[{'genreNm': '액션'}, {'genreNm': '어드벤처'}]"
20179462,위대한 쇼맨,"[{'genreNm': '드라마'}, {'genreNm': '뮤지컬'}]"
20177104,페르디난드,"[{'genreNm': '애니메이션'}, {'genreNm': '어드벤처'}, {'genreNm': '코미디'}]"
20176947,원더,[{'genreNm': '드라마'}]
20173547,다운사이징,"[{'genreNm': '드라마'}, {'genreNm': '코미디'}]"
20176104,그것만이 내 세상,"[{'genreNm': '코미디'}, {'genreNm': '드라마'}]"
20179985,코코,[{'genreNm': '애니메이션'}]
20175054,메이즈 러너: 데스 큐어,"[{'genreNm': '액션'}, {'genreNm': 'SF'}, {'genreNm': '스릴러'}]"
20150976,신과함께-죄와 벌,"[{'genreNm': '판타지'}, {'genreNm': '드라마'}]"
20170590,1987,[{'genreNm': '드라마'}]
20178230,커뮤터,[{'genreNm': '액션'}]
20168161,1급기밀,[{'genreNm': '드라마'}]
20179462,위대한 쇼맨,"[{'genreNm': '드라마'}, {'genreNm': '뮤지컬'}]"
20177473,비밥바룰라,[{'genreNm': '코미디'}]
20178444,극장판 레이디버그: 미라클스톤의 비밀,[{'genreNm': '애니메이션'}]
20168323,염력,"[{'genreNm': '드라마'}, {'genreNm': '코미디'}]"
20176104,그것만이 내 세상,"[{'genreNm': '코미디'}, {'genreNm': '드라마'}]"
20179985,코코,[{'genreNm': '애니메이션'}]
20178126,인시디어스4: 라스트 키,"[{'genreNm': '공포(호러)'}, {'genreNm': '미스터리'}, {'genreNm': '스릴러'}]"
20175054,메이즈 러너: 데스 큐어,"[{'genreNm': '액션'}, {'genreNm': 'SF'}, {'genreNm': '스릴러'}]"
20150976,신과함께-죄와 벌,"[{'genreNm': '판타지'}, {'genreNm': '드라마'}]"
20170590,1987,[{'genreNm': '드라마'}]
20178395,12 솔져스,"[{'genreNm': '액션'}, {'genreNm': '드라마'}, {'genreNm': '전쟁'}]"
20178230,커뮤터,[{'genreNm': '액션'}]
20179228,마야2,[{'genreNm': '애니메이션'}]
20179205,조선명탐정: 흡혈괴마의 비밀,"[{'genreNm': '사극'}, {'genreNm': '어드벤처'}, {'genreNm': '코미디'}]"
20176104,그것만이 내 세상,"[{'genreNm': '코미디'}, {'genreNm': '드라마'}]"
20179985,코코,[{'genreNm': '애니메이션'}]
20178126,인시디어스4: 라스트 키,"[{'genreNm': '공포(호러)'}, {'genreNm': '미스터리'}, {'genreNm': '스릴러'}]"
20150976,신과함께-죄와 벌,"[{'genreNm': '판타지'}, {'genreNm': '드라마'}]"
20168323,염력,"[{'genreNm': '드라마'}, {'genreNm': '코미디'}]"
20178672,패딩턴 2,"[{'genreNm': '코미디'}, {'genreNm': '드라마'}]"
20175054,메이즈 러너: 데스 큐어,"[{'genreNm': '액션'}, {'genreNm': 'SF'}, {'genreNm': '스릴러'}]"
20178395,12 솔져스,"[{'genreNm': '액션'}, {'genreNm': '드라마'}, {'genreNm': '전쟁'}]"
20170590,1987,[{'genreNm': '드라마'}]
20170561,블랙 팬서,"[{'genreNm': '액션'}, {'genreNm': '드라마'}, {'genreNm': 'SF'}]"
20179205,조선명탐정: 흡혈괴마의 비밀,"[{'genreNm': '사극'}, {'genreNm': '어드벤처'}, {'genreNm': '코미디'}]"
20168250,골든슬럼버,"[{'genreNm': '범죄'}, {'genreNm': '드라마'}]"
20176121,흥부: 글로 세상을 바꾼 자,[{'genreNm': '사극'}]
20078561,명탐정 코난:감벽의 관,[{'genreNm': '애니메이션'}]
20176104,그것만이 내 세상,"[{'genreNm': '코미디'}, {'genreNm': '드라마'}]"
20179985,코코,[{'genreNm': '애니메이션'}]
20178672,패딩턴 2,"[{'genreNm': '코미디'}, {'genreNm': '드라마'}]"
20150976,신과함께-죄와 벌,"[{'genreNm': '판타지'}, {'genreNm': '드라마'}]"
20178126,인시디어스4: 라스트 키,"[{'genreNm': '공포(호러)'}, {'genreNm': '미스터리'}, {'genreNm': '스릴러'}]"
20170561,블랙 팬서,"[{'genreNm': '액션'}, {'genreNm': '드라마'}, {'genreNm': 'SF'}]"
20168250,골든슬럼버,"[{'genreNm': '범죄'}, {'genreNm': '드라마'}]"
20179205,조선명탐정: 흡혈괴마의 비밀,"[{'genreNm': '사극'}, {'genreNm': '어드벤처'}, {'genreNm': '코미디'}]"
20177946,월요일이 사라졌다,"[{'genreNm': '액션'}, {'genreNm': '어드벤처'}, {'genreNm': '범죄'}]"
20173436,셰이프 오브 워터: 사랑의 모양,"[{'genreNm': '어드벤처'}, {'genreNm': '판타지'}]"
20180542,50가지 그림자: 해방,"[{'genreNm': '드라마'}, {'genreNm': '멜로/로맨스'}, {'genreNm': '스릴러'}]"
20176121,흥부: 글로 세상을 바꾼 자,[{'genreNm': '사극'}]
20078561,명탐정 코난:감벽의 관,[{'genreNm': '애니메이션'}]
20178672,패딩턴 2,"[{'genreNm': '코미디'}, {'genreNm': '드라마'}]"
20179985,코코,[{'genreNm': '애니메이션'}]
20150969,궁합,"[{'genreNm': '코미디'}, {'genreNm': '드라마'}]"
20170561,블랙 팬서,"[{'genreNm': '액션'}, {'genreNm': '드라마'}, {'genreNm': 'SF'}]"
20170841,리틀 포레스트,[{'genreNm': '드라마'}]
20177946,월요일이 사라졌다,"[{'genreNm': '액션'}, {'genreNm': '어드벤처'}, {'genreNm': '범죄'}]"
20173436,셰이프 오브 워터: 사랑의 모양,"[{'genreNm': '어드벤처'}, {'genreNm': '판타지'}]"
20179731,나미야 잡화점의 기적,"[{'genreNm': '판타지'}, {'genreNm': '드라마'}]"
20180341,레드 스패로,[{'genreNm': '스릴러'}]
20180542,50가지 그림자: 해방,"[{'genreNm': '드라마'}, {'genreNm': '멜로/로맨스'}, {'genreNm': '스릴러'}]"
20189663,게이트,"[{'genreNm': '범죄'}, {'genreNm': '코미디'}]"
20189861,더 포스트,"[{'genreNm': '드라마'}, {'genreNm': '스릴러'}]"
20178781,사라진 밤,[{'genreNm': '스릴러'}]
20170841,리틀 포레스트,[{'genreNm': '드라마'}]
20180564,툼레이더,"[{'genreNm': '액션'}, {'genreNm': '어드벤처'}]"
20150969,궁합,"[{'genreNm': '코미디'}, {'genreNm': '드라마'}]"
20170561,블랙 팬서,"[{'genreNm': '액션'}, {'genreNm': '드라마'}, {'genreNm': 'SF'}]"
20177946,월요일이 사라졌다,"[{'genreNm': '액션'}, {'genreNm': '어드벤처'}, {'genreNm': '범죄'}]"
20173436,셰이프 오브 워터: 사랑의 모양,"[{'genreNm': '어드벤처'}, {'genreNm': '판타지'}]"
20178490,온리 더 브레이브,[{'genreNm': '드라마'}]
20189861,더 포스트,"[{'genreNm': '드라마'}, {'genreNm': '스릴러'}]"
20176070,플로리다 프로젝트,[{'genreNm': '드라마'}]
20170669,지금 만나러 갑니다,[{'genreNm': '멜로/로맨스'}]
20178781,사라진 밤,[{'genreNm': '스릴러'}]
20170841,리틀 포레스트,[{'genreNm': '드라마'}]
20172244,치즈인더트랩,"[{'genreNm': '멜로/로맨스'}, {'genreNm': '스릴러'}]"
20180302,허리케인 하이스트,"[{'genreNm': '액션'}, {'genreNm': '범죄'}]"
20180564,툼레이더,"[{'genreNm': '액션'}, {'genreNm': '어드벤처'}]"
20150969,궁합,"[{'genreNm': '코미디'}, {'genreNm': '드라마'}]"
20173436,셰이프 오브 워터: 사랑의 모양,"[{'genreNm': '어드벤처'}, {'genreNm': '판타지'}]"
20178449,쓰리 빌보드,"[{'genreNm': '코미디'}, {'genreNm': '범죄'}, {'genreNm': '드라마'}]"
20170561,블랙 팬서,"[{'genreNm': '액션'}, {'genreNm': '드라마'}, {'genreNm': 'SF'}]"
20170669,지금 만나러 갑니다,[{'genreNm': '멜로/로맨스'}]
20174603,퍼시픽 림: 업라이징,"[{'genreNm': '액션'}, {'genreNm': '어드벤처'}, {'genreNm': 'SF'}]"
20178781,사라진 밤,[{'genreNm': '스릴러'}]
20170841,리틀 포레스트,[{'genreNm': '드라마'}]
20178522,콜 미 바이 유어 네임,"[{'genreNm': '드라마'}, {'genreNm': '멜로/로맨스'}]"
20180804,곤지암,"[{'genreNm': '공포(호러)'}, {'genreNm': '스릴러'}]"
20172244,치즈인더트랩,"[{'genreNm': '멜로/로맨스'}, {'genreNm': '스릴러'}]"
20181366,미니특공대X,[{'genreNm': '애니메이션'}]
20180302,허리케인 하이스트,"[{'genreNm': '액션'}, {'genreNm': '범죄'}]"
20178449,쓰리 빌보드,"[{'genreNm': '코미디'}, {'genreNm': '범죄'}, {'genreNm': '드라마'}]"
20180804,곤지암,"[{'genreNm': '공포(호러)'}, {'genreNm': '스릴러'}]"
20171122,레디 플레이어 원,"[{'genreNm': '액션'}, {'genreNm': 'SF'}, {'genreNm': '어드벤처'}]"
20170669,지금 만나러 갑니다,[{'genreNm': '멜로/로맨스'}]
20154908,7년의 밤,"[{'genreNm': '스릴러'}, {'genreNm': '드라마'}]"
20174603,퍼시픽 림: 업라이징,"[{'genreNm': '액션'}, {'genreNm': '어드벤처'}, {'genreNm': 'SF'}]"
20178522,콜 미 바이 유어 네임,"[{'genreNm': '드라마'}, {'genreNm': '멜로/로맨스'}]"
20170841,리틀 포레스트,[{'genreNm': '드라마'}]
20181366,미니특공대X,[{'genreNm': '애니메이션'}]
20178781,사라진 밤,[{'genreNm': '스릴러'}]
20173962,소공녀,"[{'genreNm': '멜로/로맨스'}, {'genreNm': '드라마'}]"
20180804,곤지암,"[{'genreNm': '공포(호러)'}, {'genreNm': '스릴러'}]"
20171122,레디 플레이어 원,"[{'genreNm': '액션'}, {'genreNm': 'SF'}, {'genreNm': '어드벤처'}]"
20153447,바람 바람 바람,[{'genreNm': '코미디'}]
20170669,지금 만나러 갑니다,[{'genreNm': '멜로/로맨스'}]
20181561,덕구,[{'genreNm': '드라마'}]
20154908,7년의 밤,"[{'genreNm': '스릴러'}, {'genreNm': '드라마'}]"
20178424,레이디 버드,"[{'genreNm': '코미디'}, {'genreNm': '드라마'}]"
20182021,번개맨과 신비의 섬,"[{'genreNm': '가족'}, {'genreNm': '뮤지컬'}]"
20178522,콜 미 바이 유어 네임,"[{'genreNm': '드라마'}, {'genreNm': '멜로/로맨스'}]"
20181788,콰이어트 플레이스,"[{'genreNm': '공포(호러)'}, {'genreNm': '스릴러'}, {'genreNm': '드라마'}]"
20176917,램페이지,[{'genreNm': '액션'}]
20153447,바람 바람 바람,[{'genreNm': '코미디'}]
20171122,레디 플레이어 원,"[{'genreNm': '액션'}, {'genreNm': 'SF'}, {'genreNm': '어드벤처'}]"
20180804,곤지암,"[{'genreNm': '공포(호러)'}, {'genreNm': '스릴러'}]"
20181788,콰이어트 플레이스,"[{'genreNm': '공포(호러)'}, {'genreNm': '스릴러'}, {'genreNm': '드라마'}]"
20182352,"그날, 바다",[{'genreNm': '다큐멘터리'}]
20181561,덕구,[{'genreNm': '드라마'}]
20170669,지금 만나러 갑니다,[{'genreNm': '멜로/로맨스'}]
20165045,머니백,"[{'genreNm': '액션'}, {'genreNm': '드라마'}]"
20178424,레이디 버드,"[{'genreNm': '코미디'}, {'genreNm': '드라마'}]"
20176917,램페이지,[{'genreNm': '액션'}]
20182352,"그날, 바다",[{'genreNm': '다큐멘터리'}]
20181788,콰이어트 플레이스,"[{'genreNm': '공포(호러)'}, {'genreNm': '스릴러'}, {'genreNm': '드라마'}]"
20171122,레디 플레이어 원,"[{'genreNm': '액션'}, {'genreNm': 'SF'}, {'genreNm': '어드벤처'}]"
20153447,바람 바람 바람,[{'genreNm': '코미디'}]
20177266,나를 기억해,"[{'genreNm': '미스터리'}, {'genreNm': '범죄'}, {'genreNm': '스릴러'}]"
20180804,곤지암,"[{'genreNm': '공포(호러)'}, {'genreNm': '스릴러'}]"
20181561,덕구,[{'genreNm': '드라마'}]
20182360,정글번치: 최강 악당의 등장,[{'genreNm': '애니메이션'}]
20182701,크리미널 스쿼드,"[{'genreNm': '범죄'}, {'genreNm': '액션'}]"
20177478,어벤져스: 인피니티 워,"[{'genreNm': '액션'}, {'genreNm': '어드벤처'}, {'genreNm': '판타지'}, {'genreNm': 'SF'}]"
20176917,램페이지,[{'genreNm': '액션'}]
20182352,"그날, 바다",[{'genreNm': '다큐멘터리'}]
20181788,콰이어트 플레이스,"[{'genreNm': '공포(호러)'}, {'genreNm': '스릴러'}, {'genreNm': '드라마'}]"
20167007,살인소설,[{'genreNm': '스릴러'}]
20182561,당갈,"[{'genreNm': '액션'}, {'genreNm': '드라마'}]"
20153447,바람 바람 바람,[{'genreNm': '코미디'}]
20177266,나를 기억해,"[{'genreNm': '미스터리'}, {'genreNm': '범죄'}, {'genreNm': '스릴러'}]"
20171122,레디 플레이어 원,"[{'genreNm': '액션'}, {'genreNm': 'SF'}, {'genreNm': '어드벤처'}]"
20183195,레오나르도 다 빈치,[{'genreNm': '애니메이션'}]
20177478,어벤져스: 인피니티 워,"[{'genreNm': '액션'}, {'genreNm': '어드벤처'}, {'genreNm': '판타지'}, {'genreNm': 'SF'}]"
20189783,챔피언,[{'genreNm': '드라마'}]
20182984,얼리맨,[{'genreNm': '애니메이션'}]
20182352,"그날, 바다",[{'genreNm': '다큐멘터리'}]
20182989,커다랗고 커다랗고 커다란 배,[{'genreNm': '애니메이션'}]
20182385,매직빈,[{'genreNm': '애니메이션'}]
20183195,레오나르도 다 빈치,[{'genreNm': '애니메이션'}]
20177005,레슬러,"[{'genreNm': '드라마'}, {'genreNm': '코미디'}]"
20182561,당갈,"[{'genreNm': '액션'}, {'genreNm': '드라마'}]"
20176069,원더스트럭,[{'genreNm': '드라마'}]
20177478,어벤져스: 인피니티 워,"[{'genreNm': '액션'}, {'genreNm': '어드벤처'}, {'genreNm': '판타지'}, {'genreNm': 'SF'}]"
20177005,레슬러,"[{'genreNm': '드라마'}, {'genreNm': '코미디'}]"
20189783,챔피언,[{'genreNm': '드라마'}]
20182989,커다랗고 커다랗고 커다란 배,[{'genreNm': '애니메이션'}]
20182984,얼리맨,[{'genreNm': '애니메이션'}]
20182561,당갈,"[{'genreNm': '액션'}, {'genreNm': '드라마'}]"
20137352,루비 스팍스,"[{'genreNm': '코미디'}, {'genreNm': '판타지'}]"
20176067,"부르고뉴, 와인에서 찾은 인생",[{'genreNm': '드라마'}]
20182352,"그날, 바다",[{'genreNm': '다큐멘터리'}]
20182385,매직빈,[{'genreNm': '애니메이션'}]
20176848,데드풀 2,"[{'genreNm': '액션'}, {'genreNm': '어드벤처'}, {'genreNm': '코미디'}, {'genreNm': 'SF'}]"
20177478,어벤져스: 인피니티 워,"[{'genreNm': '액션'}, {'genreNm': '어드벤처'}, {'genreNm': '판타지'}, {'genreNm': 'SF'}]"
20173202,버닝,[{'genreNm': '미스터리'}]
20177005,레슬러,"[{'genreNm': '드라마'}, {'genreNm': '코미디'}]"
20183084,피터 래빗,"[{'genreNm': '애니메이션'}, {'genreNm': '가족'}]"
20189783,챔피언,[{'genreNm': '드라마'}]
20182046,"안녕, 나의 소녀",[{'genreNm': '멜로/로맨스'}]
20183321,마징가 Z: 인피니티,"[{'genreNm': '애니메이션'}, {'genreNm': 'SF'}, {'genreNm': '액션'}]"
20182561,당갈,"[{'genreNm': '액션'}, {'genreNm': '드라마'}]"
20176067,"부르고뉴, 와인에서 찾은 인생",[{'genreNm': '드라마'}]
20179383,독전,"[{'genreNm': '범죄'}, {'genreNm': '액션'}]"
20176848,데드풀 2,"[{'genreNm': '액션'}, {'genreNm': '어드벤처'}, {'genreNm': '코미디'}, {'genreNm': 'SF'}]"
20177478,어벤져스: 인피니티 워,"[{'genreNm': '액션'}, {'genreNm': '어드벤처'}, {'genreNm': '판타지'}, {'genreNm': 'SF'}]"
20183084,피터 래빗,"[{'genreNm': '애니메이션'}, {'genreNm': '가족'}]"
20183801,트루스 오어 데어,"[{'genreNm': '공포(호러)'}, {'genreNm': '스릴러'}]"
20173202,버닝,[{'genreNm': '미스터리'}]
20180789,한 솔로: 스타워즈 스토리,"[{'genreNm': '액션'}, {'genreNm': 'SF'}]"
20182046,"안녕, 나의 소녀",[{'genreNm': '멜로/로맨스'}]
20177005,레슬러,"[{'genreNm': '드라마'}, {'genreNm': '코미디'}]"
20184513,위 베어 베어스: 베이비 베어스,"[{'genreNm': '애니메이션'}, {'genreNm': '드라마'}, {'genreNm': '가족'}]"
20179383,독전,"[{'genreNm': '범죄'}, {'genreNm': '액션'}]"
20176848,데드풀 2,"[{'genreNm': '액션'}, {'genreNm': '어드벤처'}, {'genreNm': '코미디'}, {'genreNm': 'SF'}]"
20177478,어벤져스: 인피니티 워,"[{'genreNm': '액션'}, {'genreNm': '어드벤처'}, {'genreNm': '판타지'}, {'genreNm': 'SF'}]"
20183801,트루스 오어 데어,"[{'genreNm': '공포(호러)'}, {'genreNm': '스릴러'}]"
20180789,한 솔로: 스타워즈 스토리,"[{'genreNm': '액션'}, {'genreNm': 'SF'}]"
20173202,버닝,[{'genreNm': '미스터리'}]
20183084,피터 래빗,"[{'genreNm': '애니메이션'}, {'genreNm': '가족'}]"
20173865,데자뷰,"[{'genreNm': '미스터리'}, {'genreNm': '스릴러'}]"
20176053,"스탠바이, 웬디",[{'genreNm': '드라마'}]
20182046,"안녕, 나의 소녀",[{'genreNm': '멜로/로맨스'}]
20179086,쥬라기 월드: 폴른 킹덤,"[{'genreNm': '액션'}, {'genreNm': '어드벤처'}, {'genreNm': 'SF'}]"
20179383,독전,"[{'genreNm': '범죄'}, {'genreNm': '액션'}]"
20176848,데드풀 2,"[{'genreNm': '액션'}, {'genreNm': '어드벤처'}, {'genreNm': '코미디'}, {'genreNm': 'SF'}]"
20135305,극장판 포켓몬스터DP - 디아루가 VS 펄기아 VS 다크라이,[{'genreNm': '애니메이션'}]
20185081,아이 필 프리티,[{'genreNm': '코미디'}]
20184801,유전,[{'genreNm': '공포(호러)'}]
20177478,어벤져스: 인피니티 워,"[{'genreNm': '액션'}, {'genreNm': '어드벤처'}, {'genreNm': '판타지'}, {'genreNm': 'SF'}]"
20184261,벅스 프렌즈,[{'genreNm': '애니메이션'}]
20183801,트루스 오어 데어,"[{'genreNm': '공포(호러)'}, {'genreNm': '스릴러'}]"
20173202,버닝,[{'genreNm': '미스터리'}]
20179086,쥬라기 월드: 폴른 킹덤,"[{'genreNm': '액션'}, {'genreNm': '어드벤처'}, {'genreNm': 'SF'}]"
20178161,탐정: 리턴즈,"[{'genreNm': '코미디'}, {'genreNm': '범죄'}]"
20184903,오션스8,"[{'genreNm': '액션'}, {'genreNm': '범죄'}]"
20179383,독전,"[{'genreNm': '범죄'}, {'genreNm': '액션'}]"
20185081,아이 필 프리티,[{'genreNm': '코미디'}]
20184801,유전,[{'genreNm': '공포(호러)'}]
20135305,극장판 포켓몬스터DP - 디아루가 VS 펄기아 VS 다크라이,[{'genreNm': '애니메이션'}]
20176848,데드풀 2,"[{'genreNm': '액션'}, {'genreNm': '어드벤처'}, {'genreNm': '코미디'}, {'genreNm': 'SF'}]"
20172469,허스토리,[{'genreNm': '드라마'}]
20184512,토니스토리2: 고철왕국의 친구들,"[{'genreNm': '애니메이션'}, {'genreNm': '코미디'}, {'genreNm': '어드벤처'}]"
20178161,탐정: 리턴즈,"[{'genreNm': '코미디'}, {'genreNm': '범죄'}]"
20179086,쥬라기 월드: 폴른 킹덤,"[{'genreNm': '액션'}, {'genreNm': '어드벤처'}, {'genreNm': 'SF'}]"
20184903,오션스8,"[{'genreNm': '액션'}, {'genreNm': '범죄'}]"
20179383,독전,"[{'genreNm': '범죄'}, {'genreNm': '액션'}]"
20184845,미드나잇 선,[{'genreNm': '멜로/로맨스'}]
20184101,여중생A,[{'genreNm': '드라마'}]
20185081,아이 필 프리티,[{'genreNm': '코미디'}]
20184689,아일라,"[{'genreNm': '드라마'}, {'genreNm': '전쟁'}]"
20090834,아바타,"[{'genreNm': 'SF'}, {'genreNm': '액션'}, {'genreNm': '어드벤처'}]"
20184801,유전,[{'genreNm': '공포(호러)'}]
20185341,마녀,"[{'genreNm': '미스터리'}, {'genreNm': '액션'}]"
20178161,탐정: 리턴즈,"[{'genreNm': '코미디'}, {'genreNm': '범죄'}]"
20179086,쥬라기 월드: 폴른 킹덤,"[{'genreNm': '액션'}, {'genreNm': '어드벤처'}, {'genreNm': 'SF'}]"
20184903,오션스8,"[{'genreNm': '액션'}, {'genreNm': '범죄'}]"
20172469,허스토리,[{'genreNm': '드라마'}]
20184721,시카리오: 데이 오브 솔다도,"[{'genreNm': '액션'}, {'genreNm': '범죄'}, {'genreNm': '드라마'}]"
20184845,미드나잇 선,[{'genreNm': '멜로/로맨스'}]
20179383,독전,"[{'genreNm': '범죄'}, {'genreNm': '액션'}]"
20185001,빅샤크: 매직체인지,[{'genreNm': '애니메이션'}]
20184101,여중생A,[{'genreNm': '드라마'}]
20180522,앤트맨과 와스프,"[{'genreNm': '액션'}, {'genreNm': '어드벤처'}, {'genreNm': 'SF'}]"
20185341,마녀,"[{'genreNm': '미스터리'}, {'genreNm': '액션'}]"
20174369,변산,[{'genreNm': '드라마'}]
20178161,탐정: 리턴즈,"[{'genreNm': '코미디'}, {'genreNm': '범죄'}]"
20172469,허스토리,[{'genreNm': '드라마'}]
20179086,쥬라기 월드: 폴른 킹덤,"[{'genreNm': '액션'}, {'genreNm': '어드벤처'}, {'genreNm': 'SF'}]"
20184721,시카리오: 데이 오브 솔다도,"[{'genreNm': '액션'}, {'genreNm': '범죄'}, {'genreNm': '드라마'}]"
20184845,미드나잇 선,[{'genreNm': '멜로/로맨스'}]
20184903,오션스8,"[{'genreNm': '액션'}, {'genreNm': '범죄'}]"
20185001,빅샤크: 매직체인지,[{'genreNm': '애니메이션'}]
20180522,앤트맨과 와스프,"[{'genreNm': '액션'}, {'genreNm': '어드벤처'}, {'genreNm': 'SF'}]"
20185341,마녀,"[{'genreNm': '미스터리'}, {'genreNm': '액션'}]"
20181443,스카이스크래퍼,"[{'genreNm': '액션'}, {'genreNm': '스릴러'}]"
20180282,속닥속닥,"[{'genreNm': '공포(호러)'}, {'genreNm': '미스터리'}]"
20174369,변산,[{'genreNm': '드라마'}]
20178161,탐정: 리턴즈,"[{'genreNm': '코미디'}, {'genreNm': '범죄'}]"
20184845,미드나잇 선,[{'genreNm': '멜로/로맨스'}]
20172469,허스토리,[{'genreNm': '드라마'}]
20185001,빅샤크: 매직체인지,[{'genreNm': '애니메이션'}]
20182564,"오늘 밤, 로맨스 극장에서","[{'genreNm': '판타지'}, {'genreNm': '멜로/로맨스'}]"
20183361,인크레더블 2,"[{'genreNm': '애니메이션'}, {'genreNm': '액션'}, {'genreNm': '어드벤처'}, {'genreNm': '코미디'}, {'genreNm': '가족'}]"
20180522,앤트맨과 와스프,"[{'genreNm': '액션'}, {'genreNm': '어드벤처'}, {'genreNm': 'SF'}]"
20185341,마녀,"[{'genreNm': '미스터리'}, {'genreNm': '액션'}]"
20181443,스카이스크래퍼,"[{'genreNm': '액션'}, {'genreNm': '스릴러'}]"
20188042,독전: 익스텐디드 컷,"[{'genreNm': '범죄'}, {'genreNm': '액션'}]"
20185621,호텔 아르테미스,"[{'genreNm': '액션'}, {'genreNm': '범죄'}]"
20180282,속닥속닥,"[{'genreNm': '공포(호러)'}, {'genreNm': '미스터리'}]"
20184845,미드나잇 선,[{'genreNm': '멜로/로맨스'}]
20174369,변산,[{'genreNm': '드라마'}]
20186001,신은 죽지 않았다 3: 어둠 속의 빛,[{'genreNm': '드라마'}]
20181181,미션 임파서블: 폴아웃,"[{'genreNm': '액션'}, {'genreNm': '스릴러'}]"
20183361,인크레더블 2,"[{'genreNm': '애니메이션'}, {'genreNm': '액션'}, {'genreNm': '어드벤처'}, {'genreNm': '코미디'}, {'genreNm': '가족'}]"
20170942,인랑,"[{'genreNm': 'SF'}, {'genreNm': '액션'}]"
20185242,신비아파트: 금빛 도깨비와 비밀의 동굴,"[{'genreNm': '애니메이션'}, {'genreNm': '판타지'}, {'genreNm': '어드벤처'}]"
20180522,앤트맨과 와스프,"[{'genreNm': '액션'}, {'genreNm': '어드벤처'}, {'genreNm': 'SF'}]"
20185341,마녀,"[{'genreNm': '미스터리'}, {'genreNm': '액션'}]"
20181443,스카이스크래퍼,"[{'genreNm': '액션'}, {'genreNm': '스릴러'}]"
20186121,어느 가족,[{'genreNm': '드라마'}]
20188042,독전: 익스텐디드 컷,"[{'genreNm': '범죄'}, {'genreNm': '액션'}]"
20186001,신은 죽지 않았다 3: 어둠 속의 빛,[{'genreNm': '드라마'}]
20186202,신과함께-인과 연,"[{'genreNm': '판타지'}, {'genreNm': '드라마'}]"
20181181,미션 임파서블: 폴아웃,"[{'genreNm': '액션'}, {'genreNm': '스릴러'}]"
20183361,인크레더블 2,"[{'genreNm': '애니메이션'}, {'genreNm': '액션'}, {'genreNm': '어드벤처'}, {'genreNm': '코미디'}, {'genreNm': '가족'}]"
20186501,극장판 헬로카봇 : 백악기 시대,[{'genreNm': '애니메이션'}]
20185242,신비아파트: 금빛 도깨비와 비밀의 동굴,"[{'genreNm': '애니메이션'}, {'genreNm': '판타지'}, {'genreNm': '어드벤처'}]"
20170942,인랑,"[{'genreNm': 'SF'}, {'genreNm': '액션'}]"
20181942,맘마미아!2,[{'genreNm': '뮤지컬'}]
20186121,어느 가족,[{'genreNm': '드라마'}]
20180522,앤트맨과 와스프,"[{'genreNm': '액션'}, {'genreNm': '어드벤처'}, {'genreNm': 'SF'}]"
20185341,마녀,"[{'genreNm': '미스터리'}, {'genreNm': '액션'}]"
20186202,신과함께-인과 연,"[{'genreNm': '판타지'}, {'genreNm': '드라마'}]"
20179101,공작,[{'genreNm': '드라마'}]
20181942,맘마미아!2,[{'genreNm': '뮤지컬'}]
20181181,미션 임파서블: 폴아웃,"[{'genreNm': '액션'}, {'genreNm': '스릴러'}]"
20184802,몬스터 호텔 3,"[{'genreNm': '애니메이션'}, {'genreNm': '코미디'}, {'genreNm': '가족'}, {'genreNm': '판타지'}]"
20187427,명탐정 코난 : 제로의 집행인,[{'genreNm': '애니메이션'}]
20186501,극장판 헬로카봇 : 백악기 시대,[{'genreNm': '애니메이션'}]
20183361,인크레더블 2,"[{'genreNm': '애니메이션'}, {'genreNm': '액션'}, {'genreNm': '어드벤처'}, {'genreNm': '코미디'}, {'genreNm': '가족'}]"
20185242,신비아파트: 금빛 도깨비와 비밀의 동굴,"[{'genreNm': '애니메이션'}, {'genreNm': '판타지'}, {'genreNm': '어드벤처'}]"
20186121,어느 가족,[{'genreNm': '드라마'}]
20179101,공작,[{'genreNm': '드라마'}]
20186202,신과함께-인과 연,"[{'genreNm': '판타지'}, {'genreNm': '드라마'}]"
20170670,목격자,[{'genreNm': '스릴러'}]
20181942,맘마미아!2,[{'genreNm': '뮤지컬'}]
20183584,메가로돈,"[{'genreNm': '액션'}, {'genreNm': '공포(호러)'}, {'genreNm': 'SF'}]"
20184802,몬스터 호텔 3,"[{'genreNm': '애니메이션'}, {'genreNm': '코미디'}, {'genreNm': '가족'}, {'genreNm': '판타지'}]"
20181181,미션 임파서블: 폴아웃,"[{'genreNm': '액션'}, {'genreNm': '스릴러'}]"
20187641,극장판 도라에몽: 진구의 보물섬,"[{'genreNm': '애니메이션'}, {'genreNm': 'SF'}, {'genreNm': '어드벤처'}]"
20187427,명탐정 코난 : 제로의 집행인,[{'genreNm': '애니메이션'}]
20186501,극장판 헬로카봇 : 백악기 시대,[{'genreNm': '애니메이션'}]
20153446,너의 결혼식,[{'genreNm': '멜로/로맨스'}]
20170670,목격자,[{'genreNm': '스릴러'}]
20179101,공작,[{'genreNm': '드라마'}]
20186202,신과함께-인과 연,"[{'genreNm': '판타지'}, {'genreNm': '드라마'}]"
20181942,맘마미아!2,[{'genreNm': '뮤지컬'}]
20187647,나를 차버린 스파이,"[{'genreNm': '액션'}, {'genreNm': '코미디'}]"
20184802,몬스터 호텔 3,"[{'genreNm': '애니메이션'}, {'genreNm': '코미디'}, {'genreNm': '가족'}, {'genreNm': '판타지'}]"
20183584,메가로돈,"[{'genreNm': '액션'}, {'genreNm': '공포(호러)'}, {'genreNm': 'SF'}]"
20181181,미션 임파서블: 폴아웃,"[{'genreNm': '액션'}, {'genreNm': '스릴러'}]"
20187657,마일22,"[{'genreNm': '액션'}, {'genreNm': '어드벤처'}, {'genreNm': '스릴러'}]"
20153446,너의 결혼식,[{'genreNm': '멜로/로맨스'}]
20185046,서치,[{'genreNm': '드라마'}]
20177537,상류사회,[{'genreNm': '드라마'}]
20170670,목격자,[{'genreNm': '스릴러'}]
20186202,신과함께-인과 연,"[{'genreNm': '판타지'}, {'genreNm': '드라마'}]"
20179101,공작,[{'genreNm': '드라마'}]
20181942,맘마미아!2,[{'genreNm': '뮤지컬'}]
20187647,나를 차버린 스파이,"[{'genreNm': '액션'}, {'genreNm': '코미디'}]"
20181181,미션 임파서블: 폴아웃,"[{'genreNm': '액션'}, {'genreNm': '스릴러'}]"
20139221,그래비티,"[{'genreNm': 'SF'}, {'genreNm': '드라마'}]"
20185046,서치,[{'genreNm': '드라마'}]
20153446,너의 결혼식,[{'genreNm': '멜로/로맨스'}]
20177537,상류사회,[{'genreNm': '드라마'}]
20189362,업그레이드,[{'genreNm': '액션'}]
20186202,신과함께-인과 연,"[{'genreNm': '판타지'}, {'genreNm': '드라마'}]"
20181942,맘마미아!2,[{'genreNm': '뮤지컬'}]
20179101,공작,[{'genreNm': '드라마'}]
20170670,목격자,[{'genreNm': '스릴러'}]
20189261,어드리프트:우리가 함께한 바다,"[{'genreNm': '멜로/로맨스'}, {'genreNm': '드라마'}]"
20187647,나를 차버린 스파이,"[{'genreNm': '액션'}, {'genreNm': '코미디'}]"
20185046,서치,[{'genreNm': '드라마'}]
20156554,물괴,"[{'genreNm': '액션'}, {'genreNm': '사극'}]"
20153446,너의 결혼식,[{'genreNm': '멜로/로맨스'}]
20188581,더 프레데터,"[{'genreNm': 'SF'}, {'genreNm': '액션'}, {'genreNm': '스릴러'}]"
20189362,업그레이드,[{'genreNm': '액션'}]
20177537,상류사회,[{'genreNm': '드라마'}]
20181942,맘마미아!2,[{'genreNm': '뮤지컬'}]
20186202,신과함께-인과 연,"[{'genreNm': '판타지'}, {'genreNm': '드라마'}]"
20179101,공작,[{'genreNm': '드라마'}]
20176122,안시성,"[{'genreNm': '사극'}, {'genreNm': '액션'}]"
20176122,안시성,"[{'genreNm': '사극'}, {'genreNm': '액션'}]"
20172204,명당,[{'genreNm': '사극'}]
20177308,협상,[{'genreNm': '범죄'}]
20189262,더 넌,[{'genreNm': '공포(호러)'}]
20185046,서치,[{'genreNm': '드라마'}]
20156554,물괴,"[{'genreNm': '액션'}, {'genreNm': '사극'}]"
20188304,극장판 요괴워치 섀도사이드: 도깨비왕의 부활,[{'genreNm': '애니메이션'}]
20153446,너의 결혼식,[{'genreNm': '멜로/로맨스'}]
20189268,루이스,[{'genreNm': '애니메이션'}]
20188581,더 프레데터,"[{'genreNm': 'SF'}, {'genreNm': '액션'}, {'genreNm': '스릴러'}]"
20176122,안시성,"[{'genreNm': '사극'}, {'genreNm': '액션'}]"
20172204,명당,[{'genreNm': '사극'}]
20177308,협상,[{'genreNm': '범죄'}]
20189262,더 넌,[{'genreNm': '공포(호러)'}]
20167903,원더풀 고스트,"[{'genreNm': '코미디'}, {'genreNm': '드라마'}, {'genreNm': '범죄'}]"
20185046,서치,[{'genreNm': '드라마'}]
20188304,극장판 요괴워치 섀도사이드: 도깨비왕의 부활,[{'genreNm': '애니메이션'}]
20189268,루이스,[{'genreNm': '애니메이션'}]
20180167,에그엔젤 코코밍: 두근두근 핼러윈 파티,[{'genreNm': '애니메이션'}]
20189746,극장판 뽀잉: 슈퍼 변신의 비밀,[{'genreNm': '애니메이션'}]
20177221,베놈,"[{'genreNm': '액션'}, {'genreNm': 'SF'}, {'genreNm': '스릴러'}]"
20179189,암수살인,"[{'genreNm': '범죄'}, {'genreNm': '드라마'}]"
20176122,안시성,"[{'genreNm': '사극'}, {'genreNm': '액션'}]"
20189123,곰돌이 푸 다시 만나 행복해,[{'genreNm': '어드벤처'}]
20177308,협상,[{'genreNm': '범죄'}]
20172204,명당,[{'genreNm': '사극'}]
20167903,원더풀 고스트,"[{'genreNm': '코미디'}, {'genreNm': '드라마'}, {'genreNm': '범죄'}]"
20189462,셜록 놈즈,"[{'genreNm': '애니메이션'}, {'genreNm': '코미디'}]"
20189262,더 넌,[{'genreNm': '공포(호러)'}]
20185046,서치,[{'genreNm': '드라마'}]
20179189,암수살인,"[{'genreNm': '범죄'}, {'genreNm': '드라마'}]"
20177221,베놈,"[{'genreNm': '액션'}, {'genreNm': 'SF'}, {'genreNm': '스릴러'}]"
20176122,안시성,"[{'genreNm': '사극'}, {'genreNm': '액션'}]"
20189067,미쓰백,[{'genreNm': '드라마'}]
20189123,곰돌이 푸 다시 만나 행복해,[{'genreNm': '어드벤처'}]
20180523,스타 이즈 본,"[{'genreNm': '드라마'}, {'genreNm': '멜로/로맨스'}]"
20180770,다이노 어드벤처2: 육해공 공룡 대백과,"[{'genreNm': '애니메이션'}, {'genreNm': '액션'}, {'genreNm': '가족'}]"
20189462,셜록 놈즈,"[{'genreNm': '애니메이션'}, {'genreNm': '코미디'}]"
20177308,협상,[{'genreNm': '범죄'}]
20188661,에브리데이,[{'genreNm': '멜로/로맨스'}]
20179189,암수살인,"[{'genreNm': '범죄'}, {'genreNm': '드라마'}]"
20177221,베놈,"[{'genreNm': '액션'}, {'genreNm': 'SF'}, {'genreNm': '스릴러'}]"
20186321,퍼스트맨,"[{'genreNm': 'SF'}, {'genreNm': '드라마'}]"
20189067,미쓰백,[{'genreNm': '드라마'}]
20180523,스타 이즈 본,"[{'genreNm': '드라마'}, {'genreNm': '멜로/로맨스'}]"
20189123,곰돌이 푸 다시 만나 행복해,[{'genreNm': '어드벤처'}]
20176122,안시성,"[{'genreNm': '사극'}, {'genreNm': '액션'}]"
20184678,배반의 장미,[{'genreNm': '코미디'}]
20187521,펭귄 하이웨이,"[{'genreNm': '애니메이션'}, {'genreNm': '어드벤처'}, {'genreNm': '판타지'}]"
20180628,액슬,"[{'genreNm': '액션'}, {'genreNm': '어드벤처'}]"
20174981,창궐,"[{'genreNm': '사극'}, {'genreNm': '액션'}]"
20179189,암수살인,"[{'genreNm': '범죄'}, {'genreNm': '드라마'}]"
20186321,퍼스트맨,"[{'genreNm': 'SF'}, {'genreNm': '드라마'}]"
20189067,미쓰백,[{'genreNm': '드라마'}]
20177221,베놈,"[{'genreNm': '액션'}, {'genreNm': 'SF'}, {'genreNm': '스릴러'}]"
20182403,크레이지 리치 아시안,"[{'genreNm': '멜로/로맨스'}, {'genreNm': '코미디'}]"
20010291,해리포터와 마법사의 돌,"[{'genreNm': '가족'}, {'genreNm': '판타지'}]"
20180523,스타 이즈 본,"[{'genreNm': '드라마'}, {'genreNm': '멜로/로맨스'}]"
20177538,완벽한 타인,"[{'genreNm': '드라마'}, {'genreNm': '코미디'}]"
20189123,곰돌이 푸 다시 만나 행복해,[{'genreNm': '어드벤처'}]
20177538,완벽한 타인,"[{'genreNm': '드라마'}, {'genreNm': '코미디'}]"
20185485,보헤미안 랩소디,[{'genreNm': '드라마'}]
20174981,창궐,"[{'genreNm': '사극'}, {'genreNm': '액션'}]"
20181404,벽 속에 숨은 마법시계,"[{'genreNm': '판타지'}, {'genreNm': '공포(호러)'}, {'genreNm': '미스터리'}, {'genreNm': 'SF'}, {'genreNm': '스릴러'}]"
20010291,해리포터와 마법사의 돌,"[{'genreNm': '가족'}, {'genreNm': '판타지'}]"
20180987,할로윈,[{'genreNm': '공포(호러)'}]
20179189,암수살인,"[{'genreNm': '범죄'}, {'genreNm': '드라마'}]"
20189067,미쓰백,[{'genreNm': '드라마'}]
20180523,스타 이즈 본,"[{'genreNm': '드라마'}, {'genreNm': '멜로/로맨스'}]"
20182403,크레이지 리치 아시안,"[{'genreNm': '멜로/로맨스'}, {'genreNm': '코미디'}]"
20177538,완벽한 타인,"[{'genreNm': '드라마'}, {'genreNm': '코미디'}]"
20185485,보헤미안 랩소디,[{'genreNm': '드라마'}]
20170513,동네사람들,"[{'genreNm': '액션'}, {'genreNm': '스릴러'}]"
20181171,바울,[{'genreNm': '드라마'}]
20174981,창궐,"[{'genreNm': '사극'}, {'genreNm': '액션'}]"
20010291,해리포터와 마법사의 돌,"[{'genreNm': '가족'}, {'genreNm': '판타지'}]"
20179006,여곡성,"[{'genreNm': '공포(호러)'}, {'genreNm': '미스터리'}]"
20181404,벽 속에 숨은 마법시계,"[{'genreNm': '판타지'}, {'genreNm': '공포(호러)'}, {'genreNm': '미스터리'}, {'genreNm': 'SF'}, {'genreNm': '스릴러'}]"
20180523,스타 이즈 본,"[{'genreNm': '드라마'}, {'genreNm': '멜로/로맨스'}]"
20182693,구스범스: 몬스터의 역습,"[{'genreNm': '판타지'}, {'genreNm': '어드벤처'}]"
20176814,신비한 동물들과 그린델왈드의 범죄,[{'genreNm': '판타지'}]
20185485,보헤미안 랩소디,[{'genreNm': '드라마'}]
20177538,완벽한 타인,"[{'genreNm': '드라마'}, {'genreNm': '코미디'}]"
20183050,번 더 스테이지: 더 무비,[{'genreNm': '기타'}]
20170513,동네사람들,"[{'genreNm': '액션'}, {'genreNm': '스릴러'}]"
20184481,성난황소,"[{'genreNm': '범죄'}, {'genreNm': '액션'}]"
20181171,바울,[{'genreNm': '드라마'}]
20182935,출국,[{'genreNm': '드라마'}]
20186822,너의 췌장을 먹고 싶어,"[{'genreNm': '애니메이션'}, {'genreNm': '드라마'}]"
20189869,해피 투게더,"[{'genreNm': '드라마'}, {'genreNm': '코미디'}]"
20185485,보헤미안 랩소디,[{'genreNm': '드라마'}]
20184481,성난황소,"[{'genreNm': '범죄'}, {'genreNm': '액션'}]"
20176814,신비한 동물들과 그린델왈드의 범죄,[{'genreNm': '판타지'}]
20177538,완벽한 타인,"[{'genreNm': '드라마'}, {'genreNm': '코미디'}]"
20183050,번 더 스테이지: 더 무비,[{'genreNm': '기타'}]
20183073,베일리 어게인,"[{'genreNm': '어드벤처'}, {'genreNm': '드라마'}, {'genreNm': '코미디'}]"
20181171,바울,[{'genreNm': '드라마'}]
20182935,출국,[{'genreNm': '드라마'}]
20182669,툴리,[{'genreNm': '드라마'}]
20186822,너의 췌장을 먹고 싶어,"[{'genreNm': '애니메이션'}, {'genreNm': '드라마'}]"
20177552,국가부도의 날,[{'genreNm': '드라마'}]
20185485,보헤미안 랩소디,[{'genreNm': '드라마'}]
20184481,성난황소,"[{'genreNm': '범죄'}, {'genreNm': '액션'}]"
20177538,완벽한 타인,"[{'genreNm': '드라마'}, {'genreNm': '코미디'}]"
20181905,후드,[{'genreNm': '어드벤처'}]
20176814,신비한 동물들과 그린델왈드의 범죄,[{'genreNm': '판타지'}]
20183073,베일리 어게인,"[{'genreNm': '어드벤처'}, {'genreNm': '드라마'}, {'genreNm': '코미디'}]"
20181171,바울,[{'genreNm': '드라마'}]
20183007,거미줄에 걸린 소녀,"[{'genreNm': '액션'}, {'genreNm': '스릴러'}, {'genreNm': '범죄'}]"
20182966,투 프렌즈,"[{'genreNm': '애니메이션'}, {'genreNm': '어드벤처'}]"
20177552,국가부도의 날,[{'genreNm': '드라마'}]
20185485,보헤미안 랩소디,[{'genreNm': '드라마'}]
20179230,도어락,"[{'genreNm': '스릴러'}, {'genreNm': '드라마'}]"
20189843,호두까기 인형과 4개의 왕국,"[{'genreNm': '판타지'}, {'genreNm': '드라마'}]"
20178825,모털 엔진,"[{'genreNm': '액션'}, {'genreNm': '어드벤처'}, {'genreNm': 'SF'}]"
20183745,런닝맨 : 풀룰루의 역습,[{'genreNm': '애니메이션'}]
20184481,성난황소,"[{'genreNm': '범죄'}, {'genreNm': '액션'}]"
20177538,완벽한 타인,"[{'genreNm': '드라마'}, {'genreNm': '코미디'}]"
20181905,후드,[{'genreNm': '어드벤처'}]
20176814,신비한 동물들과 그린델왈드의 범죄,[{'genreNm': '판타지'}]
20185485,보헤미안 랩소디,[{'genreNm': '드라마'}]
20177552,국가부도의 날,[{'genreNm': '드라마'}]
20179230,도어락,"[{'genreNm': '스릴러'}, {'genreNm': '드라마'}]"
20183238,스파이더맨: 뉴 유니버스,"[{'genreNm': '애니메이션'}, {'genreNm': '액션'}, {'genreNm': '가족'}]"
20189843,호두까기 인형과 4개의 왕국,"[{'genreNm': '판타지'}, {'genreNm': '드라마'}]"
20182082,부탁 하나만 들어줘,"[{'genreNm': '스릴러'}, {'genreNm': '미스터리'}]"
20175547,스윙키즈,[{'genreNm': '드라마'}]
20178825,모털 엔진,"[{'genreNm': '액션'}, {'genreNm': '어드벤처'}, {'genreNm': 'SF'}]"
20183745,런닝맨 : 풀룰루의 역습,[{'genreNm': '애니메이션'}]
20177538,완벽한 타인,"[{'genreNm': '드라마'}, {'genreNm': '코미디'}]"
20180290,아쿠아맨,[{'genreNm': '액션'}]
20168773,마약왕,"[{'genreNm': '범죄'}, {'genreNm': '드라마'}]"
20175547,스윙키즈,[{'genreNm': '드라마'}]
20185485,보헤미안 랩소디,[{'genreNm': '드라마'}]
20182421,그린치,"[{'genreNm': '애니메이션'}, {'genreNm': '코미디'}]"
20177552,국가부도의 날,[{'genreNm': '드라마'}]
20183238,스파이더맨: 뉴 유니버스,"[{'genreNm': '애니메이션'}, {'genreNm': '액션'}, {'genreNm': '가족'}]"
20179230,도어락,"[{'genreNm': '스릴러'}, {'genreNm': '드라마'}]"
20183479,극장판 짱구는 못말려: 아뵤! 쿵후 보이즈 ~라면 대란~,[{'genreNm': '애니메이션'}]
20183375,극장판 포켓몬스터 모두의 이야기,[{'genreNm': '애니메이션'}]
20180290,아쿠아맨,[{'genreNm': '액션'}]
20186281,범블비,"[{'genreNm': '액션'}, {'genreNm': '어드벤처'}, {'genreNm': 'SF'}]"
20170658,PMC: 더 벙커,[{'genreNm': '액션'}]
20185485,보헤미안 랩소디,[{'genreNm': '드라마'}]
20168773,마약왕,"[{'genreNm': '범죄'}, {'genreNm': '드라마'}]"
20175547,스윙키즈,[{'genreNm': '드라마'}]
20183785,점박이 한반도의 공룡2 : 새로운 낙원,[{'genreNm': '애니메이션'}]
20182421,그린치,"[{'genreNm': '애니메이션'}, {'genreNm': '코미디'}]"
20183479,극장판 짱구는 못말려: 아뵤! 쿵후 보이즈 ~라면 대란~,[{'genreNm': '애니메이션'}]
20183238,스파이더맨: 뉴 유니버스,"[{'genreNm': '애니메이션'}, {'genreNm': '액션'}, {'genreNm': '가족'}]"
20180290,아쿠아맨,[{'genreNm': '액션'}]
20189463,주먹왕 랄프 2: 인터넷 속으로,"[{'genreNm': '애니메이션'}, {'genreNm': '어드벤처'}, {'genreNm': '코미디'}, {'genreNm': '가족'}]"
20170658,PMC: 더 벙커,[{'genreNm': '액션'}]
20185485,보헤미안 랩소디,[{'genreNm': '드라마'}]
20186281,범블비,"[{'genreNm': '액션'}, {'genreNm': '어드벤처'}, {'genreNm': 'SF'}]"
20175547,스윙키즈,[{'genreNm': '드라마'}]
20183785,점박이 한반도의 공룡2 : 새로운 낙원,[{'genreNm': '애니메이션'}]
20184187,언니,[{'genreNm': '액션'}]
20184105,말모이,[{'genreNm': '드라마'}]
20182421,그린치,"[{'genreNm': '애니메이션'}, {'genreNm': '코미디'}]"
20184105,말모이,[{'genreNm': '드라마'}]
20176251,내안의 그놈,"[{'genreNm': '판타지'}, {'genreNm': '코미디'}]"
20189463,주먹왕 랄프 2: 인터넷 속으로,"[{'genreNm': '애니메이션'}, {'genreNm': '어드벤처'}, {'genreNm': '코미디'}, {'genreNm': '가족'}]"
20180290,아쿠아맨,[{'genreNm': '액션'}]
20183915,극장판 공룡메카드: 타이니소어의 섬,[{'genreNm': '애니메이션'}]
20185485,보헤미안 랩소디,[{'genreNm': '드라마'}]
20184574,그린 북,[{'genreNm': '드라마'}]
20186281,범블비,"[{'genreNm': '액션'}, {'genreNm': '어드벤처'}, {'genreNm': 'SF'}]"
20170658,PMC: 더 벙커,[{'genreNm': '액션'}]
20175547,스윙키즈,[{'genreNm': '드라마'}]
20184105,말모이,[{'genreNm': '드라마'}]
20176251,내안의 그놈,"[{'genreNm': '판타지'}, {'genreNm': '코미디'}]"
20182544,글래스,"[{'genreNm': '드라마'}, {'genreNm': '미스터리'}, {'genreNm': 'SF'}, {'genreNm': '스릴러'}]"
20189463,주먹왕 랄프 2: 인터넷 속으로,"[{'genreNm': '애니메이션'}, {'genreNm': '어드벤처'}, {'genreNm': '코미디'}, {'genreNm': '가족'}]"
20186324,언더독,[{'genreNm': '애니메이션'}]
20180290,아쿠아맨,[{'genreNm': '액션'}]
20183915,극장판 공룡메카드: 타이니소어의 섬,[{'genreNm': '애니메이션'}]
20185485,보헤미안 랩소디,[{'genreNm': '드라마'}]
20182588,미래의 미라이,[{'genreNm': '애니메이션'}]
20184574,그린 북,[{'genreNm': '드라마'}]
20182530,극한직업,[{'genreNm': '코미디'}]
20184105,말모이,[{'genreNm': '드라마'}]
20176251,내안의 그놈,"[{'genreNm': '판타지'}, {'genreNm': '코미디'}]"
20185124,러브 유어셀프 인 서울,[{'genreNm': '공연'}]
20189463,주먹왕 랄프 2: 인터넷 속으로,"[{'genreNm': '애니메이션'}, {'genreNm': '어드벤처'}, {'genreNm': '코미디'}, {'genreNm': '가족'}]"
20182544,글래스,"[{'genreNm': '드라마'}, {'genreNm': '미스터리'}, {'genreNm': 'SF'}, {'genreNm': '스릴러'}]"
20186324,언더독,[{'genreNm': '애니메이션'}]
20185485,보헤미안 랩소디,[{'genreNm': '드라마'}]
20184574,그린 북,[{'genreNm': '드라마'}]
20189385,몬스터 파크,"[{'genreNm': '애니메이션'}, {'genreNm': '어드벤처'}, {'genreNm': '코미디'}, {'genreNm': '가족'}, {'genreNm': '판타지'}]"
20182530,극한직업,[{'genreNm': '코미디'}]
20180868,뺑반,"[{'genreNm': '범죄'}, {'genreNm': '액션'}]"
20186261,드래곤 길들이기 3,[{'genreNm': '애니메이션'}]
20185478,극장판 헬로카봇: 옴파로스 섬의 비밀,[{'genreNm': '애니메이션'}]
20184105,말모이,[{'genreNm': '드라마'}]
20185124,러브 유어셀프 인 서울,[{'genreNm': '공연'}]
20176251,내안의 그놈,"[{'genreNm': '판타지'}, {'genreNm': '코미디'}]"
20184896,가버나움,[{'genreNm': '드라마'}]
20184574,그린 북,[{'genreNm': '드라마'}]
20189463,주먹왕 랄프 2: 인터넷 속으로,"[{'genreNm': '애니메이션'}, {'genreNm': '어드벤처'}, {'genreNm': '코미디'}, {'genreNm': '가족'}]"
20182530,극한직업,[{'genreNm': '코미디'}]
20188282,알리타: 배틀 엔젤,"[{'genreNm': '액션'}, {'genreNm': '어드벤처'}, {'genreNm': '멜로/로맨스'}, {'genreNm': 'SF'}, {'genreNm': '스릴러'}]"
20180868,뺑반,"[{'genreNm': '범죄'}, {'genreNm': '액션'}]"
20186261,드래곤 길들이기 3,[{'genreNm': '애니메이션'}]
20185478,극장판 헬로카봇: 옴파로스 섬의 비밀,[{'genreNm': '애니메이션'}]
20185444,레고 무비2,"[{'genreNm': '애니메이션'}, {'genreNm': '액션'}, {'genreNm': '어드벤처'}]"
20184105,말모이,[{'genreNm': '드라마'}]
20185124,러브 유어셀프 인 서울,[{'genreNm': '공연'}]
20184574,그린 북,[{'genreNm': '드라마'}]
20184896,가버나움,[{'genreNm': '드라마'}]
20182530,극한직업,[{'genreNm': '코미디'}]
20185881,증인,[{'genreNm': '드라마'}]
20188282,알리타: 배틀 엔젤,"[{'genreNm': '액션'}, {'genreNm': '어드벤처'}, {'genreNm': '멜로/로맨스'}, {'genreNm': 'SF'}, {'genreNm': '스릴러'}]"
20195915,해피 데스데이 2 유,"[{'genreNm': '공포(호러)'}, {'genreNm': '코미디'}]"
20174169,기묘한 가족,"[{'genreNm': '코미디'}, {'genreNm': '가족'}]"
20186261,드래곤 길들이기 3,[{'genreNm': '애니메이션'}]
20184888,메리 포핀스 리턴즈,"[{'genreNm': '판타지'}, {'genreNm': '뮤지컬'}]"
20180868,뺑반,"[{'genreNm': '범죄'}, {'genreNm': '액션'}]"
20162003,명탐정 코난:전율의 악보,"[{'genreNm': '애니메이션'}, {'genreNm': '미스터리'}]"
20185478,극장판 헬로카봇: 옴파로스 섬의 비밀,[{'genreNm': '애니메이션'}]
20177539,사바하,"[{'genreNm': '미스터리'}, {'genreNm': '스릴러'}]"
20182530,극한직업,[{'genreNm': '코미디'}]
20185881,증인,[{'genreNm': '드라마'}]
20188282,알리타: 배틀 엔젤,"[{'genreNm': '액션'}, {'genreNm': '어드벤처'}, {'genreNm': '멜로/로맨스'}, {'genreNm': 'SF'}, {'genreNm': '스릴러'}]"
20195743,신데렐라:마법 반지의 비밀,"[{'genreNm': '애니메이션'}, {'genreNm': '판타지'}]"
20195915,해피 데스데이 2 유,"[{'genreNm': '공포(호러)'}, {'genreNm': '코미디'}]"
20186261,드래곤 길들이기 3,[{'genreNm': '애니메이션'}]
20020222,해리포터와 비밀의 방,[{'genreNm': '드라마'}]
20185576,콜드 체이싱,[{'genreNm': '액션'}]
20184888,메리 포핀스 리턴즈,"[{'genreNm': '판타지'}, {'genreNm': '뮤지컬'}]"
20177539,사바하,"[{'genreNm': '미스터리'}, {'genreNm': '스릴러'}]"
20196601,항거:유관순 이야기,[{'genreNm': '드라마'}]
20185881,증인,[{'genreNm': '드라마'}]
20182530,극한직업,[{'genreNm': '코미디'}]
20176442,자전차왕 엄복동,[{'genreNm': '드라마'}]
20195743,신데렐라:마법 반지의 비밀,"[{'genreNm': '애니메이션'}, {'genreNm': '판타지'}]"
20195791,"어쩌다, 결혼","[{'genreNm': '멜로/로맨스'}, {'genreNm': '코미디'}]"
20186261,드래곤 길들이기 3,[{'genreNm': '애니메이션'}]
20180937,더 페이버릿: 여왕의 여자,[{'genreNm': '드라마'}]
20188282,알리타: 배틀 엔젤,"[{'genreNm': '액션'}, {'genreNm': '어드벤처'}, {'genreNm': '멜로/로맨스'}, {'genreNm': 'SF'}, {'genreNm': '스릴러'}]"
20181877,캡틴 마블,"[{'genreNm': '액션'}, {'genreNm': '어드벤처'}, {'genreNm': 'SF'}]"
20196601,항거:유관순 이야기,[{'genreNm': '드라마'}]
20177539,사바하,"[{'genreNm': '미스터리'}, {'genreNm': '스릴러'}]"
20185881,증인,[{'genreNm': '드라마'}]
20182530,극한직업,[{'genreNm': '코미디'}]
20184574,그린 북,[{'genreNm': '드라마'}]
20180937,더 페이버릿: 여왕의 여자,[{'genreNm': '드라마'}]
20177282,리노,"[{'genreNm': '애니메이션'}, {'genreNm': '어드벤처'}, {'genreNm': '가족'}]"
20176442,자전차왕 엄복동,[{'genreNm': '드라마'}]
20195743,신데렐라:마법 반지의 비밀,"[{'genreNm': '애니메이션'}, {'genreNm': '판타지'}]"
20181877,캡틴 마블,"[{'genreNm': '액션'}, {'genreNm': '어드벤처'}, {'genreNm': 'SF'}]"
20197283,이스케이프 룸,"[{'genreNm': '액션'}, {'genreNm': '공포(호러)'}, {'genreNm': '스릴러'}]"
20196601,항거:유관순 이야기,[{'genreNm': '드라마'}]
20176103,돈,[{'genreNm': '범죄'}]
20182530,극한직업,[{'genreNm': '코미디'}]
20197356,라스트 미션,[{'genreNm': '드라마'}]
20185881,증인,[{'genreNm': '드라마'}]
20177539,사바하,"[{'genreNm': '미스터리'}, {'genreNm': '스릴러'}]"
20184574,그린 북,[{'genreNm': '드라마'}]
20196723,숲속왕국의 꿀벌 여왕,"[{'genreNm': '애니메이션'}, {'genreNm': '어드벤처'}, {'genreNm': '코미디'}]"
20176103,돈,[{'genreNm': '범죄'}]
20181877,캡틴 마블,"[{'genreNm': '액션'}, {'genreNm': '어드벤처'}, {'genreNm': 'SF'}]"
20197846,악질경찰,"[{'genreNm': '범죄'}, {'genreNm': '드라마'}]"
20197283,이스케이프 룸,"[{'genreNm': '액션'}, {'genreNm': '공포(호러)'}, {'genreNm': '스릴러'}]"
20175407,우상,[{'genreNm': '스릴러'}]
20197356,라스트 미션,[{'genreNm': '드라마'}]
20198603,페이트 스테이 나이트 헤븐즈필 제2장 로스트 버터플라이,"[{'genreNm': '애니메이션'}, {'genreNm': '액션'}, {'genreNm': '판타지'}]"
20197617,정글북: 마법 원정대,"[{'genreNm': '애니메이션'}, {'genreNm': '어드벤처'}, {'genreNm': '판타지'}]"
20184574,그린 북,[{'genreNm': '드라마'}]
20196601,항거:유관순 이야기,[{'genreNm': '드라마'}]
20176103,돈,[{'genreNm': '범죄'}]
20185352,어스,"[{'genreNm': '공포(호러)'}, {'genreNm': '스릴러'}]"
20181877,캡틴 마블,"[{'genreNm': '액션'}, {'genreNm': '어드벤처'}, {'genreNm': 'SF'}]"
20196025,덤보,"[{'genreNm': '가족'}, {'genreNm': '판타지'}]"
20183773,장난스런 키스,[{'genreNm': '멜로/로맨스'}]
20197846,악질경찰,"[{'genreNm': '범죄'}, {'genreNm': '드라마'}]"
20175407,우상,[{'genreNm': '스릴러'}]
20166301,썬키스 패밀리,"[{'genreNm': '가족'}, {'genreNm': '멜로/로맨스'}, {'genreNm': '코미디'}]"
20197483,1919 유관순,[{'genreNm': '다큐멘터리'}]
20198146,콜레트,[{'genreNm': '드라마'}]
20196244,샤잠!,[{'genreNm': '액션'}]
20176103,돈,[{'genreNm': '범죄'}]
20185352,어스,"[{'genreNm': '공포(호러)'}, {'genreNm': '스릴러'}]"
20183096,생일,[{'genreNm': '드라마'}]
20183773,장난스런 키스,[{'genreNm': '멜로/로맨스'}]
20181877,캡틴 마블,"[{'genreNm': '액션'}, {'genreNm': '어드벤처'}, {'genreNm': 'SF'}]"
20196025,덤보,"[{'genreNm': '가족'}, {'genreNm': '판타지'}]"
20197092,로망,[{'genreNm': '멜로/로맨스'}]
20198146,콜레트,[{'genreNm': '드라마'}]
20198104,바이스,[{'genreNm': '드라마'}]
20183096,생일,[{'genreNm': '드라마'}]
20185406,헬보이,"[{'genreNm': '액션'}, {'genreNm': '어드벤처'}, {'genreNm': '판타지'}]"
20176103,돈,[{'genreNm': '범죄'}]
20180825,미성년,[{'genreNm': '드라마'}]
20196244,샤잠!,[{'genreNm': '액션'}]
20185352,어스,"[{'genreNm': '공포(호러)'}, {'genreNm': '스릴러'}]"
20197423,공포의 묘지,"[{'genreNm': '공포(호러)'}, {'genreNm': '스릴러'}]"
20183773,장난스런 키스,[{'genreNm': '멜로/로맨스'}]
20198104,바이스,[{'genreNm': '드라마'}]
20198403,파이브 피트,"[{'genreNm': '드라마'}, {'genreNm': '멜로/로맨스'}]"
20183096,생일,[{'genreNm': '드라마'}]
20183454,요로나의 저주,[{'genreNm': '공포(호러)'}]
20180825,미성년,[{'genreNm': '드라마'}]
20185406,헬보이,"[{'genreNm': '액션'}, {'genreNm': '어드벤처'}, {'genreNm': '판타지'}]"
20176103,돈,[{'genreNm': '범죄'}]
20198982,크게 될 놈,[{'genreNm': '드라마'}]
20181877,캡틴 마블,"[{'genreNm': '액션'}, {'genreNm': '어드벤처'}, {'genreNm': 'SF'}]"
20182501,왓칭,"[{'genreNm': '공포(호러)'}, {'genreNm': '스릴러'}]"
20198104,바이스,[{'genreNm': '드라마'}]
20198844,아이 엠 마더,"[{'genreNm': '액션'}, {'genreNm': '드라마'}, {'genreNm': '스릴러'}]"
20184889,어벤져스: 엔드게임,"[{'genreNm': '액션'}, {'genreNm': 'SF'}]"
20198183,뽀로로 극장판 보물섬 대모험,"[{'genreNm': '애니메이션'}, {'genreNm': '가족'}]"
20183096,생일,[{'genreNm': '드라마'}]
20183454,요로나의 저주,[{'genreNm': '공포(호러)'}]
20180825,미성년,[{'genreNm': '드라마'}]
20198982,크게 될 놈,[{'genreNm': '드라마'}]
20181877,캡틴 마블,"[{'genreNm': '액션'}, {'genreNm': '어드벤처'}, {'genreNm': 'SF'}]"
19990220,노팅 힐,"[{'genreNm': '멜로/로맨스'}, {'genreNm': '코미디'}]"
20176103,돈,[{'genreNm': '범죄'}]
20198104,바이스,[{'genreNm': '드라마'}]
20184889,어벤져스: 엔드게임,"[{'genreNm': '액션'}, {'genreNm': 'SF'}]"
20185784,나의 특별한 형제,"[{'genreNm': '드라마'}, {'genreNm': '코미디'}]"
20198183,뽀로로 극장판 보물섬 대모험,"[{'genreNm': '애니메이션'}, {'genreNm': '가족'}]"
20198598,명탐정 피카츄,"[{'genreNm': '액션'}, {'genreNm': '어드벤처'}, {'genreNm': '코미디'}]"
20197147,어글리 돌,[{'genreNm': '애니메이션'}]
20183096,생일,[{'genreNm': '드라마'}]
20181877,캡틴 마블,"[{'genreNm': '액션'}, {'genreNm': '어드벤처'}, {'genreNm': 'SF'}]"
20169323,안도 타다오,[{'genreNm': '다큐멘터리'}]
20060347,판의 미로 - 오필리아와 세 개의 열쇠,"[{'genreNm': '드라마'}, {'genreNm': '판타지'}, {'genreNm': '전쟁'}]"
20199736,프렌즈: 둥지탈출,"[{'genreNm': '애니메이션'}, {'genreNm': '어드벤처'}, {'genreNm': '코미디'}]"
20184889,어벤져스: 엔드게임,"[{'genreNm': '액션'}, {'genreNm': 'SF'}]"
20185784,나의 특별한 형제,"[{'genreNm': '드라마'}, {'genreNm': '코미디'}]"
20184082,걸캅스,"[{'genreNm': '코미디'}, {'genreNm': '액션'}]"
20198598,명탐정 피카츄,"[{'genreNm': '액션'}, {'genreNm': '어드벤처'}, {'genreNm': '코미디'}]"
20198183,뽀로로 극장판 보물섬 대모험,"[{'genreNm': '애니메이션'}, {'genreNm': '가족'}]"
20185384,호텔 뭄바이,[{'genreNm': '스릴러'}]
20188941,악인전,"[{'genreNm': '범죄'}, {'genreNm': '액션'}]"
20187981,배심원들,[{'genreNm': '드라마'}]
20197147,어글리 돌,[{'genreNm': '애니메이션'}]
20169323,안도 타다오,[{'genreNm': '다큐멘터리'}]
20188941,악인전,"[{'genreNm': '범죄'}, {'genreNm': '액션'}]"
20184889,어벤져스: 엔드게임,"[{'genreNm': '액션'}, {'genreNm': 'SF'}]"
20184082,걸캅스,"[{'genreNm': '코미디'}, {'genreNm': '액션'}]"
20198598,명탐정 피카츄,"[{'genreNm': '액션'}, {'genreNm': '어드벤처'}, {'genreNm': '코미디'}]"
20187981,배심원들,[{'genreNm': '드라마'}]
20185784,나의 특별한 형제,"[{'genreNm': '드라마'}, {'genreNm': '코미디'}]"
20198183,뽀로로 극장판 보물섬 대모험,"[{'genreNm': '애니메이션'}, {'genreNm': '가족'}]"
20185384,호텔 뭄바이,[{'genreNm': '스릴러'}]
20198597,교회오빠,[{'genreNm': '다큐멘터리'}]
20197503,서스페리아,[{'genreNm': '공포(호러)'}]
20188941,악인전,"[{'genreNm': '범죄'}, {'genreNm': '액션'}]"
20183867,알라딘,"[{'genreNm': '어드벤처'}, {'genreNm': '가족'}, {'genreNm': '판타지'}]"
20184082,걸캅스,"[{'genreNm': '코미디'}, {'genreNm': '액션'}]"
20184889,어벤져스: 엔드게임,"[{'genreNm': '액션'}, {'genreNm': 'SF'}]"
20199448,어린 의뢰인,"[{'genreNm': '드라마'}, {'genreNm': '가족'}]"
20187981,배심원들,[{'genreNm': '드라마'}]
20199822,더 보이,"[{'genreNm': '공포(호러)'}, {'genreNm': 'SF'}]"
20198598,명탐정 피카츄,"[{'genreNm': '액션'}, {'genreNm': '어드벤처'}, {'genreNm': '코미디'}]"
20185784,나의 특별한 형제,"[{'genreNm': '드라마'}, {'genreNm': '코미디'}]"
20198597,교회오빠,[{'genreNm': '다큐멘터리'}]
20183782,기생충,[{'genreNm': '드라마'}]
20183867,알라딘,"[{'genreNm': '어드벤처'}, {'genreNm': '가족'}, {'genreNm': '판타지'}]"
20188941,악인전,"[{'genreNm': '범죄'}, {'genreNm': '액션'}]"
20184865,고질라: 킹 오브 몬스터,"[{'genreNm': '액션'}, {'genreNm': '어드벤처'}, {'genreNm': 'SF'}]"
20188144,0.0MHz,[{'genreNm': '공포(호러)'}]
20184889,어벤져스: 엔드게임,"[{'genreNm': '액션'}, {'genreNm': 'SF'}]"
20184082,걸캅스,"[{'genreNm': '코미디'}, {'genreNm': '액션'}]"
20199448,어린 의뢰인,"[{'genreNm': '드라마'}, {'genreNm': '가족'}]"
20198597,교회오빠,[{'genreNm': '다큐멘터리'}]
20199822,더 보이,"[{'genreNm': '공포(호러)'}, {'genreNm': 'SF'}]"
20183782,기생충,[{'genreNm': '드라마'}]
20183867,알라딘,"[{'genreNm': '어드벤처'}, {'genreNm': '가족'}, {'genreNm': '판타지'}]"
20182387,엑스맨: 다크 피닉스,"[{'genreNm': '액션'}, {'genreNm': '어드벤처'}, {'genreNm': 'SF'}]"
19880001,이웃집 토토로,"[{'genreNm': '애니메이션'}, {'genreNm': '드라마'}]"
20198291,로켓맨,"[{'genreNm': '드라마'}, {'genreNm': '판타지'}]"
20188941,악인전,"[{'genreNm': '범죄'}, {'genreNm': '액션'}]"
20184865,고질라: 킹 오브 몬스터,"[{'genreNm': '액션'}, {'genreNm': '어드벤처'}, {'genreNm': 'SF'}]"
20199063,빅샤크2: 해저2만리,"[{'genreNm': '애니메이션'}, {'genreNm': '어드벤처'}]"
20184889,어벤져스: 엔드게임,"[{'genreNm': '액션'}, {'genreNm': 'SF'}]"
20188144,0.0MHz,[{'genreNm': '공포(호러)'}]
20183867,알라딘,"[{'genreNm': '어드벤처'}, {'genreNm': '가족'}, {'genreNm': '판타지'}]"
20183782,기생충,[{'genreNm': '드라마'}]
20196657,맨 인 블랙: 인터내셔널,"[{'genreNm': '액션'}, {'genreNm': '코미디'}, {'genreNm': 'SF'}]"
20182387,엑스맨: 다크 피닉스,"[{'genreNm': '액션'}, {'genreNm': '어드벤처'}, {'genreNm': 'SF'}]"
20190273,천로역정: 천국을 찾아서,"[{'genreNm': '애니메이션'}, {'genreNm': '어드벤처'}]"
19880001,이웃집 토토로,"[{'genreNm': '애니메이션'}, {'genreNm': '드라마'}]"
20191401,업사이드,"[{'genreNm': '코미디'}, {'genreNm': '드라마'}]"
20198291,로켓맨,"[{'genreNm': '드라마'}, {'genreNm': '판타지'}]"
20190466,세상을 바꾼 변호인,[{'genreNm': '드라마'}]
20184889,어벤져스: 엔드게임,"[{'genreNm': '액션'}, {'genreNm': 'SF'}]"
20183867,알라딘,"[{'genreNm': '어드벤처'}, {'genreNm': '가족'}, {'genreNm': '판타지'}]"
20184047,토이 스토리 4,"[{'genreNm': '애니메이션'}, {'genreNm': '어드벤처'}, {'genreNm': '코미디'}]"
20183782,기생충,[{'genreNm': '드라마'}]
20198453,롱 리브 더 킹: 목포 영웅,"[{'genreNm': '액션'}, {'genreNm': '드라마'}]"
20196657,맨 인 블랙: 인터내셔널,"[{'genreNm': '액션'}, {'genreNm': '코미디'}, {'genreNm': 'SF'}]"
20196655,존 윅 3: 파라벨룸,"[{'genreNm': '액션'}, {'genreNm': '범죄'}, {'genreNm': '스릴러'}]"
20190273,천로역정: 천국을 찾아서,"[{'genreNm': '애니메이션'}, {'genreNm': '어드벤처'}]"
20190885,사탄의 인형,[{'genreNm': '공포(호러)'}]
20182387,엑스맨: 다크 피닉스,"[{'genreNm': '액션'}, {'genreNm': '어드벤처'}, {'genreNm': 'SF'}]"
20190466,세상을 바꾼 변호인,[{'genreNm': '드라마'}]
20183867,알라딘,"[{'genreNm': '어드벤처'}, {'genreNm': '가족'}, {'genreNm': '판타지'}]"
20184047,토이 스토리 4,"[{'genreNm': '애니메이션'}, {'genreNm': '어드벤처'}, {'genreNm': '코미디'}]"
20196655,존 윅 3: 파라벨룸,"[{'genreNm': '액션'}, {'genreNm': '범죄'}, {'genreNm': '스릴러'}]"
20183782,기생충,[{'genreNm': '드라마'}]
20198453,롱 리브 더 킹: 목포 영웅,"[{'genreNm': '액션'}, {'genreNm': '드라마'}]"
20199951,애나벨 집으로,"[{'genreNm': '공포(호러)'}, {'genreNm': '미스터리'}, {'genreNm': '스릴러'}]"
20182585,비스트,"[{'genreNm': '범죄'}, {'genreNm': '스릴러'}]"
20190273,천로역정: 천국을 찾아서,"[{'genreNm': '애니메이션'}, {'genreNm': '어드벤처'}]"
20192022,마담 싸이코,"[{'genreNm': '공포(호러)'}, {'genreNm': '스릴러'}]"
20196657,맨 인 블랙: 인터내셔널,"[{'genreNm': '액션'}, {'genreNm': '코미디'}, {'genreNm': 'SF'}]"
20196309,스파이더맨: 파 프롬 홈,"[{'genreNm': '액션'}, {'genreNm': '어드벤처'}, {'genreNm': '코미디'}, {'genreNm': 'SF'}]"
20183867,알라딘,"[{'genreNm': '어드벤처'}, {'genreNm': '가족'}, {'genreNm': '판타지'}]"
20184047,토이 스토리 4,"[{'genreNm': '애니메이션'}, {'genreNm': '어드벤처'}, {'genreNm': '코미디'}]"
20183782,기생충,[{'genreNm': '드라마'}]
20196655,존 윅 3: 파라벨룸,"[{'genreNm': '액션'}, {'genreNm': '범죄'}, {'genreNm': '스릴러'}]"
20199951,애나벨 집으로,"[{'genreNm': '공포(호러)'}, {'genreNm': '미스터리'}, {'genreNm': '스릴러'}]"
20198453,롱 리브 더 킹: 목포 영웅,"[{'genreNm': '액션'}, {'genreNm': '드라마'}]"
20190273,천로역정: 천국을 찾아서,"[{'genreNm': '애니메이션'}, {'genreNm': '어드벤처'}]"
20182585,비스트,"[{'genreNm': '범죄'}, {'genreNm': '스릴러'}]"
20192591,BIFAN2019 판타스틱 단편 걸작선 1,[{'genreNm': '기타'}]
20196309,스파이더맨: 파 프롬 홈,"[{'genreNm': '액션'}, {'genreNm': '어드벤처'}, {'genreNm': '코미디'}, {'genreNm': 'SF'}]"
20183867,알라딘,"[{'genreNm': '어드벤처'}, {'genreNm': '가족'}, {'genreNm': '판타지'}]"
20184047,토이 스토리 4,"[{'genreNm': '애니메이션'}, {'genreNm': '어드벤처'}, {'genreNm': '코미디'}]"
20185353,기방도령,"[{'genreNm': '코미디'}, {'genreNm': '사극'}]"
20183782,기생충,[{'genreNm': '드라마'}]
20185986,진범,[{'genreNm': '스릴러'}]
20191601,극장판 엉덩이 탐정: 화려한 사건 수첩,[{'genreNm': '애니메이션'}]
20199951,애나벨 집으로,"[{'genreNm': '공포(호러)'}, {'genreNm': '미스터리'}, {'genreNm': '스릴러'}]"
20196655,존 윅 3: 파라벨룸,"[{'genreNm': '액션'}, {'genreNm': '범죄'}, {'genreNm': '스릴러'}]"
20192151,미드소마,[{'genreNm': '공포(호러)'}]
20175771,라이온 킹,"[{'genreNm': '어드벤처'}, {'genreNm': '드라마'}, {'genreNm': '가족'}]"
20196309,스파이더맨: 파 프롬 홈,"[{'genreNm': '액션'}, {'genreNm': '어드벤처'}, {'genreNm': '코미디'}, {'genreNm': 'SF'}]"
20183867,알라딘,"[{'genreNm': '어드벤처'}, {'genreNm': '가족'}, {'genreNm': '판타지'}]"
20184047,토이 스토리 4,"[{'genreNm': '애니메이션'}, {'genreNm': '어드벤처'}, {'genreNm': '코미디'}]"
20183782,기생충,[{'genreNm': '드라마'}]
20185353,기방도령,"[{'genreNm': '코미디'}, {'genreNm': '사극'}]"
20185986,진범,[{'genreNm': '스릴러'}]
20192222,사일런스,"[{'genreNm': '공포(호러)'}, {'genreNm': '스릴러'}]"
20191601,극장판 엉덩이 탐정: 화려한 사건 수첩,[{'genreNm': '애니메이션'}]
20192151,미드소마,[{'genreNm': '공포(호러)'}]
20175771,라이온 킹,"[{'genreNm': '어드벤처'}, {'genreNm': '드라마'}, {'genreNm': '가족'}]"
20182490,나랏말싸미,[{'genreNm': '사극'}]
20183867,알라딘,"[{'genreNm': '어드벤처'}, {'genreNm': '가족'}, {'genreNm': '판타지'}]"
20196309,스파이더맨: 파 프롬 홈,"[{'genreNm': '액션'}, {'genreNm': '어드벤처'}, {'genreNm': '코미디'}, {'genreNm': 'SF'}]"
20198323,레드슈즈,"[{'genreNm': '애니메이션'}, {'genreNm': '코미디'}, {'genreNm': '판타지'}, {'genreNm': '어드벤처'}, {'genreNm': '멜로/로맨스'}]"
20192725,명탐정 코난: 감청의 권,[{'genreNm': '애니메이션'}]
20190002,롱 샷,[{'genreNm': '코미디'}]
20184047,토이 스토리 4,"[{'genreNm': '애니메이션'}, {'genreNm': '어드벤처'}, {'genreNm': '코미디'}]"
20183782,기생충,[{'genreNm': '드라마'}]
20180442,사자,"[{'genreNm': '미스터리'}, {'genreNm': '액션'}, {'genreNm': '판타지'}, {'genreNm': '공포(호러)'}]"
20184621,엑시트,"[{'genreNm': '코미디'}, {'genreNm': '액션'}]"
20180442,사자,"[{'genreNm': '미스터리'}, {'genreNm': '액션'}, {'genreNm': '판타지'}, {'genreNm': '공포(호러)'}]"
20175771,라이온 킹,"[{'genreNm': '어드벤처'}, {'genreNm': '드라마'}, {'genreNm': '가족'}]"
20183844,마이펫의 이중생활 2,"[{'genreNm': '애니메이션'}, {'genreNm': '어드벤처'}, {'genreNm': '코미디'}]"
20183867,알라딘,"[{'genreNm': '어드벤처'}, {'genreNm': '가족'}, {'genreNm': '판타지'}]"
20198323,레드슈즈,"[{'genreNm': '애니메이션'}, {'genreNm': '코미디'}, {'genreNm': '판타지'}, {'genreNm': '어드벤처'}, {'genreNm': '멜로/로맨스'}]"
20182490,나랏말싸미,[{'genreNm': '사극'}]
20196309,스파이더맨: 파 프롬 홈,"[{'genreNm': '액션'}, {'genreNm': '어드벤처'}, {'genreNm': '코미디'}, {'genreNm': 'SF'}]"
20192725,명탐정 코난: 감청의 권,[{'genreNm': '애니메이션'}]
20190002,롱 샷,[{'genreNm': '코미디'}]
20184621,엑시트,"[{'genreNm': '코미디'}, {'genreNm': '액션'}]"
20184462,봉오동 전투,"[{'genreNm': '사극'}, {'genreNm': '액션'}, {'genreNm': '드라마'}]"
20180442,사자,"[{'genreNm': '미스터리'}, {'genreNm': '액션'}, {'genreNm': '판타지'}, {'genreNm': '공포(호러)'}]"
20183844,마이펫의 이중생활 2,"[{'genreNm': '애니메이션'}, {'genreNm': '어드벤처'}, {'genreNm': '코미디'}]"
20193275,브링 더 소울 : 더 무비,[{'genreNm': '기타'}]
20183867,알라딘,"[{'genreNm': '어드벤처'}, {'genreNm': '가족'}, {'genreNm': '판타지'}]"
20175771,라이온 킹,"[{'genreNm': '어드벤처'}, {'genreNm': '드라마'}, {'genreNm': '가족'}]"
20198323,레드슈즈,"[{'genreNm': '애니메이션'}, {'genreNm': '코미디'}, {'genreNm': '판타지'}, {'genreNm': '어드벤처'}, {'genreNm': '멜로/로맨스'}]"
20191741,앵그리 버드 2: 독수리 왕국의 침공,"[{'genreNm': '애니메이션'}, {'genreNm': '액션'}]"
20190741,김복동,[{'genreNm': '다큐멘터리'}]
20196850,분노의 질주: 홉스&쇼,[{'genreNm': '액션'}]
20184462,봉오동 전투,"[{'genreNm': '사극'}, {'genreNm': '액션'}, {'genreNm': '드라마'}]"
20184621,엑시트,"[{'genreNm': '코미디'}, {'genreNm': '액션'}]"
20182241,"안녕, 티라노: 영원히, 함께",[{'genreNm': '애니메이션'}]
20183844,마이펫의 이중생활 2,"[{'genreNm': '애니메이션'}, {'genreNm': '어드벤처'}, {'genreNm': '코미디'}]"
20188404,암전,"[{'genreNm': '미스터리'}, {'genreNm': '공포(호러)'}]"
20180442,사자,"[{'genreNm': '미스터리'}, {'genreNm': '액션'}, {'genreNm': '판타지'}, {'genreNm': '공포(호러)'}]"
20187959,원더랜드,"[{'genreNm': '애니메이션'}, {'genreNm': '코미디'}, {'genreNm': '어드벤처'}, {'genreNm': '가족'}]"
20198323,레드슈즈,"[{'genreNm': '애니메이션'}, {'genreNm': '코미디'}, {'genreNm': '판타지'}, {'genreNm': '어드벤처'}, {'genreNm': '멜로/로맨스'}]"
20183867,알라딘,"[{'genreNm': '어드벤처'}, {'genreNm': '가족'}, {'genreNm': '판타지'}]"
20196850,분노의 질주: 홉스&쇼,[{'genreNm': '액션'}]
20184621,엑시트,"[{'genreNm': '코미디'}, {'genreNm': '액션'}]"
20184543,변신,"[{'genreNm': '공포(호러)'}, {'genreNm': '스릴러'}]"
20184462,봉오동 전투,"[{'genreNm': '사극'}, {'genreNm': '액션'}, {'genreNm': '드라마'}]"
20185985,광대들: 풍문조작단,[{'genreNm': '사극'}]
20171021,커런트 워,[{'genreNm': '드라마'}]
20182241,"안녕, 티라노: 영원히, 함께",[{'genreNm': '애니메이션'}]
20183844,마이펫의 이중생활 2,"[{'genreNm': '애니메이션'}, {'genreNm': '어드벤처'}, {'genreNm': '코미디'}]"
20191604,애프터,"[{'genreNm': '드라마'}, {'genreNm': '멜로/로맨스'}]"
20198323,레드슈즈,"[{'genreNm': '애니메이션'}, {'genreNm': '코미디'}, {'genreNm': '판타지'}, {'genreNm': '어드벤처'}, {'genreNm': '멜로/로맨스'}]"
20184543,변신,"[{'genreNm': '공포(호러)'}, {'genreNm': '스릴러'}]"
20181416,유열의 음악앨범,"[{'genreNm': '멜로/로맨스'}, {'genreNm': '드라마'}]"
20184621,엑시트,"[{'genreNm': '코미디'}, {'genreNm': '액션'}]"
20196850,분노의 질주: 홉스&쇼,[{'genreNm': '액션'}]
20193665,47미터 2,"[{'genreNm': '공포(호러)'}, {'genreNm': '스릴러'}]"
20184462,봉오동 전투,"[{'genreNm': '사극'}, {'genreNm': '액션'}, {'genreNm': '드라마'}]"
20185985,광대들: 풍문조작단,[{'genreNm': '사극'}]
20194384,안나,[{'genreNm': '액션'}]
20171021,커런트 워,[{'genreNm': '드라마'}]
20198323,레드슈즈,"[{'genreNm': '애니메이션'}, {'genreNm': '코미디'}, {'genreNm': '판타지'}, {'genreNm': '어드벤처'}, {'genreNm': '멜로/로맨스'}]"
20181416,유열의 음악앨범,"[{'genreNm': '멜로/로맨스'}, {'genreNm': '드라마'}]"
20192804,그것: 두 번째 이야기,[{'genreNm': '스릴러'}]
20193821,극장판 헬로카봇 : 달나라를 구해줘!,[{'genreNm': '애니메이션'}]
20184621,엑시트,"[{'genreNm': '코미디'}, {'genreNm': '액션'}]"
20184543,변신,"[{'genreNm': '공포(호러)'}, {'genreNm': '스릴러'}]"
20196850,분노의 질주: 홉스&쇼,[{'genreNm': '액션'}]
20193665,47미터 2,"[{'genreNm': '공포(호러)'}, {'genreNm': '스릴러'}]"
20184462,봉오동 전투,"[{'genreNm': '사극'}, {'genreNm': '액션'}, {'genreNm': '드라마'}]"
20194541,안녕 베일리,[{'genreNm': '가족'}]
20185985,광대들: 풍문조작단,[{'genreNm': '사극'}]
20188750,나쁜 녀석들: 더 무비,"[{'genreNm': '범죄'}, {'genreNm': '액션'}]"
20184572,타짜: 원 아이드 잭,"[{'genreNm': '범죄'}, {'genreNm': '드라마'}]"
20187322,"힘을 내요, 미스터 리","[{'genreNm': '코미디'}, {'genreNm': '드라마'}]"
20193821,극장판 헬로카봇 : 달나라를 구해줘!,[{'genreNm': '애니메이션'}]
20184621,엑시트,"[{'genreNm': '코미디'}, {'genreNm': '액션'}]"
20192804,그것: 두 번째 이야기,[{'genreNm': '스릴러'}]
20181416,유열의 음악앨범,"[{'genreNm': '멜로/로맨스'}, {'genreNm': '드라마'}]"
20194045,극장판 반지의 비밀일기,[{'genreNm': '애니메이션'}]
20196850,분노의 질주: 홉스&쇼,[{'genreNm': '액션'}]
20184543,변신,"[{'genreNm': '공포(호러)'}, {'genreNm': '스릴러'}]"
20188750,나쁜 녀석들: 더 무비,"[{'genreNm': '범죄'}, {'genreNm': '액션'}]"
20184572,타짜: 원 아이드 잭,"[{'genreNm': '범죄'}, {'genreNm': '드라마'}]"
20192982,애드 아스트라,"[{'genreNm': 'SF'}, {'genreNm': '스릴러'}]"
20187322,"힘을 내요, 미스터 리","[{'genreNm': '코미디'}, {'genreNm': '드라마'}]"
20193807,예스터데이,[{'genreNm': '드라마'}]
20193821,극장판 헬로카봇 : 달나라를 구해줘!,[{'genreNm': '애니메이션'}]
20184483,퍼펙트맨,"[{'genreNm': '코미디'}, {'genreNm': '드라마'}]"
20192804,그것: 두 번째 이야기,[{'genreNm': '스릴러'}]
20184621,엑시트,"[{'genreNm': '코미디'}, {'genreNm': '액션'}]"
20181103,벌새,[{'genreNm': '드라마'}]
20193601,장사리 : 잊혀진 영웅들,[{'genreNm': '전쟁'}]
20188750,나쁜 녀석들: 더 무비,"[{'genreNm': '범죄'}, {'genreNm': '액션'}]"
20194456,양자물리학,[{'genreNm': '범죄'}]
20199446,원스 어폰 어 타임... 인 할리우드,"[{'genreNm': '드라마'}, {'genreNm': '코미디'}]"
20192982,애드 아스트라,"[{'genreNm': 'SF'}, {'genreNm': '스릴러'}]"
20184572,타짜: 원 아이드 잭,"[{'genreNm': '범죄'}, {'genreNm': '드라마'}]"
20193807,예스터데이,[{'genreNm': '드라마'}]
20184483,퍼펙트맨,"[{'genreNm': '코미디'}, {'genreNm': '드라마'}]"
20187322,"힘을 내요, 미스터 리","[{'genreNm': '코미디'}, {'genreNm': '드라마'}]"
20195968,더 룸,"[{'genreNm': '미스터리'}, {'genreNm': '스릴러'}]"
20199950,조커,"[{'genreNm': '액션'}, {'genreNm': '드라마'}, {'genreNm': '스릴러'}]"
20195920,가장 보통의 연애,"[{'genreNm': '멜로/로맨스'}, {'genreNm': '코미디'}]"
20184483,퍼펙트맨,"[{'genreNm': '코미디'}, {'genreNm': '드라마'}]"
20193601,장사리 : 잊혀진 영웅들,[{'genreNm': '전쟁'}]
20194456,양자물리학,[{'genreNm': '범죄'}]
20188750,나쁜 녀석들: 더 무비,"[{'genreNm': '범죄'}, {'genreNm': '액션'}]"
20195941,소피와 드래곤: 마법책의 비밀,"[{'genreNm': '애니메이션'}, {'genreNm': '판타지'}, {'genreNm': '어드벤처'}]"
20199446,원스 어폰 어 타임... 인 할리우드,"[{'genreNm': '드라마'}, {'genreNm': '코미디'}]"
20196380,몬스터 하우스,"[{'genreNm': '애니메이션'}, {'genreNm': '어드벤처'}]"
20192982,애드 아스트라,"[{'genreNm': 'SF'}, {'genreNm': '스릴러'}]"
20199950,조커,"[{'genreNm': '액션'}, {'genreNm': '드라마'}, {'genreNm': '스릴러'}]"
20195920,가장 보통의 연애,"[{'genreNm': '멜로/로맨스'}, {'genreNm': '코미디'}]"
20184483,퍼펙트맨,"[{'genreNm': '코미디'}, {'genreNm': '드라마'}]"
20191183,제미니 맨,"[{'genreNm': '액션'}, {'genreNm': '드라마'}, {'genreNm': 'SF'}]"
20193601,장사리 : 잊혀진 영웅들,[{'genreNm': '전쟁'}]
20196380,몬스터 하우스,"[{'genreNm': '애니메이션'}, {'genreNm': '어드벤처'}]"
20195941,소피와 드래곤: 마법책의 비밀,"[{'genreNm': '애니메이션'}, {'genreNm': '판타지'}, {'genreNm': '어드벤처'}]"
20197691,잃어버린 세계를 찾아서,"[{'genreNm': '애니메이션'}, {'genreNm': '어드벤처'}]"
20184243,판소리 복서,"[{'genreNm': '코미디'}, {'genreNm': '드라마'}]"
20199446,원스 어폰 어 타임... 인 할리우드,"[{'genreNm': '드라마'}, {'genreNm': '코미디'}]"
20199950,조커,"[{'genreNm': '액션'}, {'genreNm': '드라마'}, {'genreNm': '스릴러'}]"
20191589,말레피센트 2,"[{'genreNm': '어드벤처'}, {'genreNm': '가족'}, {'genreNm': '판타지'}]"
20195920,가장 보통의 연애,"[{'genreNm': '멜로/로맨스'}, {'genreNm': '코미디'}]"
20184483,퍼펙트맨,"[{'genreNm': '코미디'}, {'genreNm': '드라마'}]"
20185361,두번할까요,"[{'genreNm': '코미디'}, {'genreNm': '멜로/로맨스'}]"
20191183,제미니 맨,"[{'genreNm': '액션'}, {'genreNm': '드라마'}, {'genreNm': 'SF'}]"
20194223,너를 만난 여름,"[{'genreNm': '드라마'}, {'genreNm': '멜로/로맨스'}]"
20193601,장사리 : 잊혀진 영웅들,[{'genreNm': '전쟁'}]
20183407,버티고,"[{'genreNm': '드라마'}, {'genreNm': '멜로/로맨스'}]"
20190280,날씨의 아이,"[{'genreNm': '애니메이션'}, {'genreNm': '판타지'}, {'genreNm': '멜로/로맨스'}]"
20191029,82년생 김지영,[{'genreNm': '드라마'}]
20191589,말레피센트 2,"[{'genreNm': '어드벤처'}, {'genreNm': '가족'}, {'genreNm': '판타지'}]"
20199950,조커,"[{'genreNm': '액션'}, {'genreNm': '드라마'}, {'genreNm': '스릴러'}]"
20195920,가장 보통의 연애,"[{'genreNm': '멜로/로맨스'}, {'genreNm': '코미디'}]"
20196136,람보 : 라스트 워,[{'genreNm': '액션'}]
20184483,퍼펙트맨,"[{'genreNm': '코미디'}, {'genreNm': '드라마'}]"
20185361,두번할까요,"[{'genreNm': '코미디'}, {'genreNm': '멜로/로맨스'}]"
20197054,빅트립: 아기팬더 배달 대모험,[{'genreNm': '애니메이션'}]
20198961,더 킹: 헨리 5세,[{'genreNm': '드라마'}]
19910247,터미네이터2 3D,"[{'genreNm': '액션'}, {'genreNm': 'SF'}, {'genreNm': '스릴러'}]"
20191029,82년생 김지영,[{'genreNm': '드라마'}]
20192083,터미네이터: 다크 페이트,"[{'genreNm': '액션'}, {'genreNm': '어드벤처'}, {'genreNm': 'SF'}]"
20190280,날씨의 아이,"[{'genreNm': '애니메이션'}, {'genreNm': '판타지'}, {'genreNm': '멜로/로맨스'}]"
20191589,말레피센트 2,"[{'genreNm': '어드벤처'}, {'genreNm': '가족'}, {'genreNm': '판타지'}]"
20199950,조커,"[{'genreNm': '액션'}, {'genreNm': '드라마'}, {'genreNm': '스릴러'}]"
20195920,가장 보통의 연애,"[{'genreNm': '멜로/로맨스'}, {'genreNm': '코미디'}]"
20192589,빅 위시,"[{'genreNm': '판타지'}, {'genreNm': '애니메이션'}, {'genreNm': '어드벤처'}]"
20196136,람보 : 라스트 워,[{'genreNm': '액션'}]
20195002,블랙머니,"[{'genreNm': '범죄'}, {'genreNm': '드라마'}]"
20198184,빅 2: 황금열쇠 대소동,"[{'genreNm': '애니메이션'}, {'genreNm': '가족'}, {'genreNm': '코미디'}, {'genreNm': '어드벤처'}]"
20181434,신의 한 수: 귀수편,"[{'genreNm': '범죄'}, {'genreNm': '액션'}]"
20192083,터미네이터: 다크 페이트,"[{'genreNm': '액션'}, {'genreNm': '어드벤처'}, {'genreNm': 'SF'}]"
20191029,82년생 김지영,[{'genreNm': '드라마'}]
20197279,아담스 패밀리,"[{'genreNm': '애니메이션'}, {'genreNm': '코미디'}, {'genreNm': '가족'}]"
20190280,날씨의 아이,"[{'genreNm': '애니메이션'}, {'genreNm': '판타지'}, {'genreNm': '멜로/로맨스'}]"
20191589,말레피센트 2,"[{'genreNm': '어드벤처'}, {'genreNm': '가족'}, {'genreNm': '판타지'}]"
20199950,조커,"[{'genreNm': '액션'}, {'genreNm': '드라마'}, {'genreNm': '스릴러'}]"
20193801,닥터 슬립,[{'genreNm': '스릴러'}]
20195920,가장 보통의 연애,"[{'genreNm': '멜로/로맨스'}, {'genreNm': '코미디'}]"
20195002,블랙머니,"[{'genreNm': '범죄'}, {'genreNm': '드라마'}]"
20195002,블랙머니,"[{'genreNm': '범죄'}, {'genreNm': '드라마'}]"
20181434,신의 한 수: 귀수편,"[{'genreNm': '범죄'}, {'genreNm': '액션'}]"
20191029,82년생 김지영,[{'genreNm': '드라마'}]
20192083,터미네이터: 다크 페이트,"[{'genreNm': '액션'}, {'genreNm': '어드벤처'}, {'genreNm': 'SF'}]"
20197721,엔젤 해즈 폴른,"[{'genreNm': '액션'}, {'genreNm': '스릴러'}]"
20197279,아담스 패밀리,"[{'genreNm': '애니메이션'}, {'genreNm': '코미디'}, {'genreNm': '가족'}]"
20198421,좀비랜드: 더블 탭,"[{'genreNm': '액션'}, {'genreNm': '코미디'}, {'genreNm': '공포(호러)'}]"
20190280,날씨의 아이,"[{'genreNm': '애니메이션'}, {'genreNm': '판타지'}, {'genreNm': '멜로/로맨스'}]"
20196284,윤희에게,[{'genreNm': '멜로/로맨스'}]
20199950,조커,"[{'genreNm': '액션'}, {'genreNm': '드라마'}, {'genreNm': '스릴러'}]"
20197803,겨울왕국 2,[{'genreNm': '애니메이션'}]
20195002,블랙머니,"[{'genreNm': '범죄'}, {'genreNm': '드라마'}]"
20181434,신의 한 수: 귀수편,"[{'genreNm': '범죄'}, {'genreNm': '액션'}]"
20191029,82년생 김지영,[{'genreNm': '드라마'}]
20192083,터미네이터: 다크 페이트,"[{'genreNm': '액션'}, {'genreNm': '어드벤처'}, {'genreNm': 'SF'}]"
20197721,엔젤 해즈 폴른,"[{'genreNm': '액션'}, {'genreNm': '스릴러'}]"
20190280,날씨의 아이,"[{'genreNm': '애니메이션'}, {'genreNm': '판타지'}, {'genreNm': '멜로/로맨스'}]"
20198421,좀비랜드: 더블 탭,"[{'genreNm': '액션'}, {'genreNm': '코미디'}, {'genreNm': '공포(호러)'}]"
20196284,윤희에게,[{'genreNm': '멜로/로맨스'}]
20184341,얼굴없는 보스,"[{'genreNm': '액션'}, {'genreNm': '드라마'}]"
20197803,겨울왕국 2,[{'genreNm': '애니메이션'}]
20185161,나를 찾아줘,[{'genreNm': '스릴러'}]
20195002,블랙머니,"[{'genreNm': '범죄'}, {'genreNm': '드라마'}]"
20199428,크롤,"[{'genreNm': '액션'}, {'genreNm': '스릴러'}]"
20181434,신의 한 수: 귀수편,"[{'genreNm': '범죄'}, {'genreNm': '액션'}]"
20199576,러브 앳,"[{'genreNm': '멜로/로맨스'}, {'genreNm': '코미디'}]"
20191029,82년생 김지영,[{'genreNm': '드라마'}]
20197336,허슬러,"[{'genreNm': '범죄'}, {'genreNm': '드라마'}]"
20196284,윤희에게,[{'genreNm': '멜로/로맨스'}]
20192083,터미네이터: 다크 페이트,"[{'genreNm': '액션'}, {'genreNm': '어드벤처'}, {'genreNm': 'SF'}]"
